Trade Date,Options Class,Underlying,Product Type,Exchange,Volume
2019/10/01,GME,GME,S,BATS,1840
2019/10/01,GME,GME,S,C2,66
2019/10/01,GME,GME,S,CBOE,3274
2019/10/01,GME,GME,S,EDGX,823
2019/10/02,GME,GME,S,BATS,2421
2019/10/02,GME,GME,S,C2,1288
2019/10/02,GME,GME,S,CBOE,1988
2019/10/02,GME,GME,S,EDGX,841
2019/10/03,GME,GME,S,BATS,360
2019/10/03,GME,GME,S,C2,20
2019/10/03,GME,GME,S,CBOE,267
2019/10/03,GME,GME,S,EDGX,43
2019/10/04,GME,GME,S,BATS,522
2019/10/04,GME,GME,S,C2,47
2019/10/04,GME,GME,S,CBOE,914
2019/10/04,GME,GME,S,EDGX,275
2019/10/07,GME,GME,S,BATS,970
2019/10/07,GME,GME,S,C2,75
2019/10/07,GME,GME,S,CBOE,139
2019/10/07,GME,GME,S,EDGX,162
2019/10/08,GME,GME,S,BATS,613
2019/10/08,GME,GME,S,C2,11
2019/10/08,GME,GME,S,CBOE,373
2019/10/08,GME,GME,S,EDGX,93
2019/10/09,GME,GME,S,BATS,388
2019/10/09,GME,GME,S,C2,97
2019/10/09,GME,GME,S,CBOE,1554
2019/10/09,GME,GME,S,EDGX,270
2019/10/10,GME,GME,S,BATS,237
2019/10/10,GME,GME,S,C2,50
2019/10/10,GME,GME,S,CBOE,861
2019/10/10,GME,GME,S,EDGX,57
2019/10/11,GME,GME,S,BATS,1082
2019/10/11,GME,GME,S,C2,163
2019/10/11,GME,GME,S,CBOE,780
2019/10/11,GME,GME,S,EDGX,201
2019/10/14,GME,GME,S,BATS,1688
2019/10/14,GME,GME,S,C2,34
2019/10/14,GME,GME,S,CBOE,1352
2019/10/14,GME,GME,S,EDGX,366
2019/10/15,GME,GME,S,BATS,1944
2019/10/15,GME,GME,S,C2,21
2019/10/15,GME,GME,S,CBOE,1521
2019/10/15,GME,GME,S,EDGX,660
2019/10/16,GME,GME,S,BATS,2990
2019/10/16,GME,GME,S,C2,302
2019/10/16,GME,GME,S,CBOE,1177
2019/10/16,GME,GME,S,EDGX,305
2019/10/17,GME,GME,S,BATS,1672
2019/10/17,GME,GME,S,C2,129
2019/10/17,GME,GME,S,CBOE,1122
2019/10/17,GME,GME,S,EDGX,339
2019/10/18,GME,GME,S,BATS,2056
2019/10/18,GME,GME,S,C2,22
2019/10/18,GME,GME,S,CBOE,1324
2019/10/18,GME,GME,S,EDGX,442
2019/10/21,GME,GME,S,BATS,1485
2019/10/21,GME,GME,S,C2,81
2019/10/21,GME,GME,S,CBOE,3433
2019/10/21,GME,GME,S,EDGX,628
2019/10/22,GME,GME,S,BATS,2767
2019/10/22,GME,GME,S,C2,406
2019/10/22,GME,GME,S,CBOE,7889
2019/10/22,GME,GME,S,EDGX,1055
2019/10/23,GME,GME,S,BATS,2214
2019/10/23,GME,GME,S,CBOE,800
2019/10/23,GME,GME,S,EDGX,506
2019/10/24,GME,GME,S,BATS,597
2019/10/24,GME,GME,S,CBOE,847
2019/10/24,GME,GME,S,EDGX,709
2019/10/25,GME,GME,S,BATS,623
2019/10/25,GME,GME,S,C2,48
2019/10/25,GME,GME,S,CBOE,455
2019/10/25,GME,GME,S,EDGX,308
2019/10/28,GME,GME,S,BATS,384
2019/10/28,GME,GME,S,C2,11
2019/10/28,GME,GME,S,CBOE,230
2019/10/28,GME,GME,S,EDGX,163
2019/10/29,GME,GME,S,BATS,693
2019/10/29,GME,GME,S,C2,32
2019/10/29,GME,GME,S,CBOE,367
2019/10/29,GME,GME,S,EDGX,245
2019/10/30,GME,GME,S,BATS,1757
2019/10/30,GME,GME,S,CBOE,739
2019/10/30,GME,GME,S,EDGX,83
2019/10/31,GME,GME,S,BATS,961
2019/10/31,GME,GME,S,C2,451
2019/10/31,GME,GME,S,CBOE,276
2019/10/31,GME,GME,S,EDGX,423
2019/11/01,GME,GME,S,BATS,2212
2019/11/01,GME,GME,S,C2,518
2019/11/01,GME,GME,S,CBOE,1546
2019/11/01,GME,GME,S,EDGX,611
2019/11/04,GME,GME,S,BATS,323
2019/11/04,GME,GME,S,CBOE,168
2019/11/04,GME,GME,S,EDGX,125
2019/11/05,GME,GME,S,BATS,630
2019/11/05,GME,GME,S,CBOE,769
2019/11/05,GME,GME,S,EDGX,505
2019/11/06,GME,GME,S,BATS,1381
2019/11/06,GME,GME,S,C2,375
2019/11/06,GME,GME,S,CBOE,4250
2019/11/06,GME,GME,S,EDGX,207
2019/11/07,GME,GME,S,BATS,1311
2019/11/07,GME,GME,S,C2,75
2019/11/07,GME,GME,S,CBOE,491
2019/11/07,GME,GME,S,EDGX,129
2019/11/08,GME,GME,S,BATS,164
2019/11/08,GME,GME,S,C2,44
2019/11/08,GME,GME,S,CBOE,583
2019/11/08,GME,GME,S,EDGX,835
2019/11/11,GME,GME,S,BATS,438
2019/11/11,GME,GME,S,CBOE,460
2019/11/11,GME,GME,S,EDGX,124
2019/11/12,GME,GME,S,BATS,485
2019/11/12,GME,GME,S,C2,1
2019/11/12,GME,GME,S,CBOE,368
2019/11/12,GME,GME,S,EDGX,77
2019/11/13,GME,GME,S,BATS,165
2019/11/13,GME,GME,S,CBOE,38
2019/11/13,GME,GME,S,EDGX,130
2019/11/14,GME,GME,S,BATS,1202
2019/11/14,GME,GME,S,C2,1
2019/11/14,GME,GME,S,CBOE,271
2019/11/14,GME,GME,S,EDGX,161
2019/11/15,GME,GME,S,BATS,1903
2019/11/15,GME,GME,S,C2,40
2019/11/15,GME,GME,S,CBOE,1069
2019/11/15,GME,GME,S,EDGX,590
2019/11/18,GME,GME,S,BATS,2258
2019/11/18,GME,GME,S,C2,5652
2019/11/18,GME,GME,S,CBOE,1807
2019/11/18,GME,GME,S,EDGX,2051
2019/11/19,GME,GME,S,BATS,1627
2019/11/19,GME,GME,S,C2,6026
2019/11/19,GME,GME,S,CBOE,3585
2019/11/19,GME,GME,S,EDGX,1992
2019/11/20,GME,GME,S,BATS,844
2019/11/20,GME,GME,S,C2,139
2019/11/20,GME,GME,S,CBOE,688
2019/11/20,GME,GME,S,EDGX,337
2019/11/21,GME,GME,S,BATS,590
2019/11/21,GME,GME,S,CBOE,477
2019/11/21,GME,GME,S,EDGX,17
2019/11/22,GME,GME,S,BATS,1265
2019/11/22,GME,GME,S,C2,40
2019/11/22,GME,GME,S,CBOE,1284
2019/11/22,GME,GME,S,EDGX,511
2019/11/25,GME,GME,S,BATS,3089
2019/11/25,GME,GME,S,C2,18
2019/11/25,GME,GME,S,CBOE,2269
2019/11/25,GME,GME,S,EDGX,1021
2019/11/26,GME,GME,S,BATS,1919
2019/11/26,GME,GME,S,C2,3
2019/11/26,GME,GME,S,CBOE,4421
2019/11/26,GME,GME,S,EDGX,966
2019/11/27,GME,GME,S,BATS,1453
2019/11/27,GME,GME,S,C2,15
2019/11/27,GME,GME,S,CBOE,2471
2019/11/27,GME,GME,S,EDGX,720
2019/11/29,GME,GME,S,BATS,207
2019/11/29,GME,GME,S,C2,5
2019/11/29,GME,GME,S,CBOE,274
2019/11/29,GME,GME,S,EDGX,86
2019/12/02,GME,GME,S,BATS,1598
2019/12/02,GME,GME,S,C2,1
2019/12/02,GME,GME,S,CBOE,577
2019/12/02,GME,GME,S,EDGX,187
2019/12/03,GME,GME,S,BATS,213
2019/12/03,GME,GME,S,CBOE,766
2019/12/03,GME,GME,S,EDGX,368
2019/12/04,GME,GME,S,BATS,1036
2019/12/04,GME,GME,S,C2,45
2019/12/04,GME,GME,S,CBOE,717
2019/12/04,GME,GME,S,EDGX,399
2019/12/05,GME,GME,S,BATS,1452
2019/12/05,GME,GME,S,C2,41
2019/12/05,GME,GME,S,CBOE,745
2019/12/05,GME,GME,S,EDGX,201
2019/12/06,GME,GME,S,BATS,2715
2019/12/06,GME,GME,S,C2,91
2019/12/06,GME,GME,S,CBOE,1777
2019/12/06,GME,GME,S,EDGX,470
2019/12/09,GME,GME,S,BATS,4748
2019/12/09,GME,GME,S,C2,266
2019/12/09,GME,GME,S,CBOE,3646
2019/12/09,GME,GME,S,EDGX,1764
2019/12/10,GME,GME,S,BATS,7571
2019/12/10,GME,GME,S,C2,536
2019/12/10,GME,GME,S,CBOE,7878
2019/12/10,GME,GME,S,EDGX,1871
2019/12/11,GME,GME,S,BATS,9774
2019/12/11,GME,GME,S,C2,652
2019/12/11,GME,GME,S,CBOE,12245
2019/12/11,GME,GME,S,EDGX,3468
2019/12/12,GME,GME,S,BATS,3244
2019/12/12,GME,GME,S,C2,2956
2019/12/12,GME,GME,S,CBOE,2821
2019/12/12,GME,GME,S,EDGX,1919
2019/12/13,GME,GME,S,BATS,1910
2019/12/13,GME,GME,S,C2,236
2019/12/13,GME,GME,S,CBOE,1795
2019/12/13,GME,GME,S,EDGX,607
2019/12/16,GME,GME,S,BATS,8634
2019/12/16,GME,GME,S,C2,2048
2019/12/16,GME,GME,S,CBOE,2790
2019/12/16,GME,GME,S,EDGX,929
2019/12/17,GME,GME,S,BATS,4716
2019/12/17,GME,GME,S,C2,419
2019/12/17,GME,GME,S,CBOE,2980
2019/12/17,GME,GME,S,EDGX,1476
2019/12/18,GME,GME,S,BATS,2312
2019/12/18,GME,GME,S,C2,10888
2019/12/18,GME,GME,S,CBOE,2521
2019/12/18,GME,GME,S,EDGX,999
2019/12/19,GME,GME,S,BATS,720
2019/12/19,GME,GME,S,C2,24
2019/12/19,GME,GME,S,CBOE,964
2019/12/19,GME,GME,S,EDGX,540
2019/12/20,GME,GME,S,BATS,4794
2019/12/20,GME,GME,S,C2,525
2019/12/20,GME,GME,S,CBOE,7264
2019/12/20,GME,GME,S,EDGX,1153
2019/12/23,GME,GME,S,BATS,3421
2019/12/23,GME,GME,S,C2,347
2019/12/23,GME,GME,S,CBOE,1685
2019/12/23,GME,GME,S,EDGX,319
2019/12/24,GME,GME,S,BATS,586
2019/12/24,GME,GME,S,C2,85
2019/12/24,GME,GME,S,CBOE,752
2019/12/24,GME,GME,S,EDGX,467
2019/12/26,GME,GME,S,BATS,1244
2019/12/26,GME,GME,S,C2,537
2019/12/26,GME,GME,S,CBOE,1069
2019/12/26,GME,GME,S,EDGX,288
2019/12/27,GME,GME,S,BATS,4955
2019/12/27,GME,GME,S,C2,159
2019/12/27,GME,GME,S,CBOE,2577
2019/12/27,GME,GME,S,EDGX,749
2019/12/30,GME,GME,S,BATS,8032
2019/12/30,GME,GME,S,C2,219
2019/12/30,GME,GME,S,CBOE,3705
2019/12/30,GME,GME,S,EDGX,1410
2019/12/31,GME,GME,S,BATS,3260
2019/12/31,GME,GME,S,C2,191
2019/12/31,GME,GME,S,CBOE,2665
2019/12/31,GME,GME,S,EDGX,1805
2020/01/02,GME,GME,S,BATS,2642
2020/01/02,GME,GME,S,C2,3508
2020/01/02,GME,GME,S,CBOE,3052
2020/01/02,GME,GME,S,EDGX,659
2020/01/03,GME,GME,S,BATS,3122
2020/01/03,GME,GME,S,C2,469
2020/01/03,GME,GME,S,CBOE,1231
2020/01/03,GME,GME,S,EDGX,493
2020/01/06,GME,GME,S,BATS,1095
2020/01/06,GME,GME,S,C2,31
2020/01/06,GME,GME,S,CBOE,1111
2020/01/06,GME,GME,S,EDGX,196
2020/01/07,GME,GME,S,BATS,3082
2020/01/07,GME,GME,S,C2,935
2020/01/07,GME,GME,S,CBOE,2894
2020/01/07,GME,GME,S,EDGX,438
2020/01/08,GME,GME,S,BATS,3086
2020/01/08,GME,GME,S,C2,1771
2020/01/08,GME,GME,S,CBOE,1100
2020/01/08,GME,GME,S,EDGX,512
2020/01/09,GME,GME,S,BATS,931
2020/01/09,GME,GME,S,C2,1660
2020/01/09,GME,GME,S,CBOE,733
2020/01/09,GME,GME,S,EDGX,146
2020/01/10,GME,GME,S,BATS,578
2020/01/10,GME,GME,S,C2,1279
2020/01/10,GME,GME,S,CBOE,1163
2020/01/10,GME,GME,S,EDGX,552
2020/01/13,GME,GME,S,BATS,3211
2020/01/13,GME,GME,S,C2,463
2020/01/13,GME,GME,S,CBOE,3286
2020/01/13,GME,GME,S,EDGX,951
2020/01/14,GME,GME,S,BATS,2220
2020/01/14,GME,GME,S,C2,370
2020/01/14,GME,GME,S,CBOE,2551
2020/01/14,GME,GME,S,EDGX,879
2020/01/15,GME,GME,S,BATS,2739
2020/01/15,GME,GME,S,C2,117
2020/01/15,GME,GME,S,CBOE,1805
2020/01/15,GME,GME,S,EDGX,727
2020/01/16,GME,GME,S,BATS,1610
2020/01/16,GME,GME,S,C2,232
2020/01/16,GME,GME,S,CBOE,1803
2020/01/16,GME,GME,S,EDGX,355
2020/01/17,GME,GME,S,BATS,1280
2020/01/17,GME,GME,S,C2,132
2020/01/17,GME,GME,S,CBOE,1705
2020/01/17,GME,GME,S,EDGX,336
2020/01/21,GME,GME,S,BATS,1635
2020/01/21,GME,GME,S,C2,181
2020/01/21,GME,GME,S,CBOE,1252
2020/01/21,GME,GME,S,EDGX,476
2020/01/22,GME,GME,S,BATS,622
2020/01/22,GME,GME,S,C2,48
2020/01/22,GME,GME,S,CBOE,990
2020/01/22,GME,GME,S,EDGX,245
2020/01/23,GME,GME,S,BATS,279
2020/01/23,GME,GME,S,C2,3
2020/01/23,GME,GME,S,CBOE,265
2020/01/23,GME,GME,S,EDGX,231
2020/01/24,GME,GME,S,BATS,817
2020/01/24,GME,GME,S,C2,6
2020/01/24,GME,GME,S,CBOE,1020
2020/01/24,GME,GME,S,EDGX,163
2020/01/27,GME,GME,S,BATS,300
2020/01/27,GME,GME,S,CBOE,516
2020/01/27,GME,GME,S,EDGX,416
2020/01/28,GME,GME,S,BATS,297
2020/01/28,GME,GME,S,C2,5
2020/01/28,GME,GME,S,CBOE,657
2020/01/28,GME,GME,S,EDGX,504
2020/01/29,GME,GME,S,BATS,261
2020/01/29,GME,GME,S,C2,52
2020/01/29,GME,GME,S,CBOE,698
2020/01/29,GME,GME,S,EDGX,160
2020/01/30,GME,GME,S,BATS,902
2020/01/30,GME,GME,S,C2,16
2020/01/30,GME,GME,S,CBOE,712
2020/01/30,GME,GME,S,EDGX,244
2020/01/31,GME,GME,S,BATS,979
2020/01/31,GME,GME,S,C2,8
2020/01/31,GME,GME,S,CBOE,723
2020/01/31,GME,GME,S,EDGX,142
2020/02/03,GME,GME,S,BATS,799
2020/02/03,GME,GME,S,C2,29
2020/02/03,GME,GME,S,CBOE,605
2020/02/03,GME,GME,S,EDGX,359
2020/02/04,GME,GME,S,BATS,1263
2020/02/04,GME,GME,S,C2,65
2020/02/04,GME,GME,S,CBOE,875
2020/02/04,GME,GME,S,EDGX,116
2020/02/05,GME,GME,S,BATS,702
2020/02/05,GME,GME,S,C2,17
2020/02/05,GME,GME,S,CBOE,961
2020/02/05,GME,GME,S,EDGX,561
2020/02/06,GME,GME,S,BATS,884
2020/02/06,GME,GME,S,C2,13
2020/02/06,GME,GME,S,CBOE,523
2020/02/06,GME,GME,S,EDGX,35
2020/02/07,GME,GME,S,BATS,1699
2020/02/07,GME,GME,S,C2,125
2020/02/07,GME,GME,S,CBOE,801
2020/02/07,GME,GME,S,EDGX,476
2020/02/10,GME,GME,S,BATS,1383
2020/02/10,GME,GME,S,C2,1088
2020/02/10,GME,GME,S,CBOE,4323
2020/02/10,GME,GME,S,EDGX,342
2020/02/11,GME,GME,S,BATS,1104
2020/02/11,GME,GME,S,CBOE,1190
2020/02/11,GME,GME,S,EDGX,325
2020/02/12,GME,GME,S,BATS,2776
2020/02/12,GME,GME,S,C2,202
2020/02/12,GME,GME,S,CBOE,3265
2020/02/12,GME,GME,S,EDGX,2094
2020/02/13,GME,GME,S,BATS,590
2020/02/13,GME,GME,S,C2,100
2020/02/13,GME,GME,S,CBOE,849
2020/02/13,GME,GME,S,EDGX,356
2020/02/14,GME,GME,S,BATS,648
2020/02/14,GME,GME,S,C2,62
2020/02/14,GME,GME,S,CBOE,733
2020/02/14,GME,GME,S,EDGX,174
2020/02/18,GME,GME,S,BATS,416
2020/02/18,GME,GME,S,C2,1
2020/02/18,GME,GME,S,CBOE,860
2020/02/18,GME,GME,S,EDGX,336
2020/02/19,GME,GME,S,BATS,521
2020/02/19,GME,GME,S,C2,18
2020/02/19,GME,GME,S,CBOE,1455
2020/02/19,GME,GME,S,EDGX,166
2020/02/20,GME,GME,S,BATS,542
2020/02/20,GME,GME,S,C2,2
2020/02/20,GME,GME,S,CBOE,995
2020/02/20,GME,GME,S,EDGX,41
2020/02/21,GME,GME,S,BATS,1143
2020/02/21,GME,GME,S,C2,29
2020/02/21,GME,GME,S,CBOE,456
2020/02/21,GME,GME,S,EDGX,797
2020/02/24,GME,GME,S,BATS,1001
2020/02/24,GME,GME,S,C2,49
2020/02/24,GME,GME,S,CBOE,955
2020/02/24,GME,GME,S,EDGX,278
2020/02/25,GME,GME,S,BATS,564
2020/02/25,GME,GME,S,C2,38
2020/02/25,GME,GME,S,CBOE,2342
2020/02/25,GME,GME,S,EDGX,503
2020/02/26,GME,GME,S,BATS,1399
2020/02/26,GME,GME,S,C2,39
2020/02/26,GME,GME,S,CBOE,1500
2020/02/26,GME,GME,S,EDGX,463
2020/02/27,GME,GME,S,BATS,1807
2020/02/27,GME,GME,S,C2,49
2020/02/27,GME,GME,S,CBOE,1595
2020/02/27,GME,GME,S,EDGX,587
2020/02/28,GME,GME,S,BATS,675
2020/02/28,GME,GME,S,C2,4
2020/02/28,GME,GME,S,CBOE,989
2020/02/28,GME,GME,S,EDGX,798
2020/03/02,GME,GME,S,BATS,318
2020/03/02,GME,GME,S,C2,12
2020/03/02,GME,GME,S,CBOE,918
2020/03/02,GME,GME,S,EDGX,364
2020/03/03,GME,GME,S,BATS,728
2020/03/03,GME,GME,S,C2,32
2020/03/03,GME,GME,S,CBOE,916
2020/03/03,GME,GME,S,EDGX,643
2020/03/04,GME,GME,S,BATS,717
2020/03/04,GME,GME,S,C2,28
2020/03/04,GME,GME,S,CBOE,884
2020/03/04,GME,GME,S,EDGX,128
2020/03/05,GME,GME,S,BATS,1342
2020/03/05,GME,GME,S,C2,730
2020/03/05,GME,GME,S,CBOE,3237
2020/03/05,GME,GME,S,EDGX,122
2020/03/06,GME,GME,S,BATS,946
2020/03/06,GME,GME,S,C2,18
2020/03/06,GME,GME,S,CBOE,1518
2020/03/06,GME,GME,S,EDGX,794
2020/03/09,GME,GME,S,BATS,2571
2020/03/09,GME,GME,S,C2,70
2020/03/09,GME,GME,S,CBOE,2092
2020/03/09,GME,GME,S,EDGX,271
2020/03/10,GME,GME,S,BATS,1782
2020/03/10,GME,GME,S,C2,36
2020/03/10,GME,GME,S,CBOE,1784
2020/03/10,GME,GME,S,EDGX,492
2020/03/11,GME,GME,S,BATS,2084
2020/03/11,GME,GME,S,C2,385
2020/03/11,GME,GME,S,CBOE,1038
2020/03/11,GME,GME,S,EDGX,1065
2020/03/12,GME,GME,S,BATS,3877
2020/03/12,GME,GME,S,C2,36
2020/03/12,GME,GME,S,CBOE,2007
2020/03/12,GME,GME,S,EDGX,339
2020/03/13,GME,GME,S,BATS,6318
2020/03/13,GME,GME,S,C2,1113
2020/03/13,GME,GME,S,CBOE,3658
2020/03/13,GME,GME,S,EDGX,846
2020/03/16,GME,GME,S,BATS,3885
2020/03/16,GME,GME,S,C2,194
2020/03/16,GME,GME,S,CBOE,1514
2020/03/16,GME,GME,S,EDGX,487
2020/03/17,GME,GME,S,BATS,1409
2020/03/17,GME,GME,S,C2,66
2020/03/17,GME,GME,S,CBOE,491
2020/03/17,GME,GME,S,EDGX,625
2020/03/18,GME,GME,S,BATS,5191
2020/03/18,GME,GME,S,C2,299
2020/03/18,GME,GME,S,CBOE,4687
2020/03/18,GME,GME,S,EDGX,720
2020/03/19,GME,GME,S,BATS,3043
2020/03/19,GME,GME,S,C2,336
2020/03/19,GME,GME,S,CBOE,1378
2020/03/19,GME,GME,S,EDGX,300
2020/03/20,GME,GME,S,BATS,5010
2020/03/20,GME,GME,S,C2,256
2020/03/20,GME,GME,S,CBOE,3280
2020/03/20,GME,GME,S,EDGX,803
2020/03/23,GME,GME,S,BATS,4325
2020/03/23,GME,GME,S,C2,585
2020/03/23,GME,GME,S,CBOE,2671
2020/03/23,GME,GME,S,EDGX,1244
2020/03/24,GME,GME,S,BATS,5850
2020/03/24,GME,GME,S,C2,247
2020/03/24,GME,GME,S,CBOE,1355
2020/03/24,GME,GME,S,EDGX,494
2020/03/25,GME,GME,S,BATS,3861
2020/03/25,GME,GME,S,C2,68
2020/03/25,GME,GME,S,CBOE,1637
2020/03/25,GME,GME,S,EDGX,1800
2020/03/26,GME,GME,S,BATS,4645
2020/03/26,GME,GME,S,C2,500
2020/03/26,GME,GME,S,CBOE,9317
2020/03/26,GME,GME,S,EDGX,5858
2020/03/27,GME,GME,S,BATS,6327
2020/03/27,GME,GME,S,C2,231
2020/03/27,GME,GME,S,CBOE,5717
2020/03/27,GME,GME,S,EDGX,1190
2020/03/30,GME,GME,S,BATS,3492
2020/03/30,GME,GME,S,C2,229
2020/03/30,GME,GME,S,CBOE,2148
2020/03/30,GME,GME,S,EDGX,1419
2020/03/31,GME,GME,S,BATS,2093
2020/03/31,GME,GME,S,C2,168
2020/03/31,GME,GME,S,CBOE,1789
2020/03/31,GME,GME,S,EDGX,617
2020/04/01,GME,GME,S,BATS,5033
2020/04/01,GME,GME,S,C2,299
2020/04/01,GME,GME,S,CBOE,1872
2020/04/01,GME,GME,S,EDGX,436
2020/04/02,GME,GME,S,BATS,3515
2020/04/02,GME,GME,S,C2,143
2020/04/02,GME,GME,S,CBOE,3123
2020/04/02,GME,GME,S,EDGX,342
2020/04/03,GME,GME,S,BATS,4148
2020/04/03,GME,GME,S,C2,494
2020/04/03,GME,GME,S,CBOE,2828
2020/04/03,GME,GME,S,EDGX,1481
2020/04/06,GME,GME,S,BATS,3403
2020/04/06,GME,GME,S,C2,103
2020/04/06,GME,GME,S,CBOE,3406
2020/04/06,GME,GME,S,EDGX,326
2020/04/07,GME,GME,S,BATS,4268
2020/04/07,GME,GME,S,C2,44
2020/04/07,GME,GME,S,CBOE,1628
2020/04/07,GME,GME,S,EDGX,1492
2020/04/08,GME,GME,S,BATS,4024
2020/04/08,GME,GME,S,C2,48
2020/04/08,GME,GME,S,CBOE,2540
2020/04/08,GME,GME,S,EDGX,256
2020/04/09,GME,GME,S,BATS,5533
2020/04/09,GME,GME,S,C2,144
2020/04/09,GME,GME,S,CBOE,3593
2020/04/09,GME,GME,S,EDGX,281
2020/04/13,GME,GME,S,BATS,6597
2020/04/13,GME,GME,S,C2,202
2020/04/13,GME,GME,S,CBOE,3133
2020/04/13,GME,GME,S,EDGX,776
2020/04/14,GME,GME,S,BATS,24353
2020/04/14,GME,GME,S,C2,465
2020/04/14,GME,GME,S,CBOE,6681
2020/04/14,GME,GME,S,EDGX,1355
2020/04/15,GME,GME,S,BATS,6916
2020/04/15,GME,GME,S,C2,222
2020/04/15,GME,GME,S,CBOE,30278
2020/04/15,GME,GME,S,EDGX,1112
2020/04/16,GME,GME,S,BATS,3744
2020/04/16,GME,GME,S,C2,19
2020/04/16,GME,GME,S,CBOE,2313
2020/04/16,GME,GME,S,EDGX,821
2020/04/17,GME,GME,S,BATS,3999
2020/04/17,GME,GME,S,C2,84
2020/04/17,GME,GME,S,CBOE,7251
2020/04/17,GME,GME,S,EDGX,394
2020/04/20,GME,GME,S,BATS,5023
2020/04/20,GME,GME,S,C2,32
2020/04/20,GME,GME,S,CBOE,2470
2020/04/20,GME,GME,S,EDGX,424
2020/04/21,GME,GME,S,BATS,2791
2020/04/21,GME,GME,S,C2,148
2020/04/21,GME,GME,S,CBOE,3681
2020/04/21,GME,GME,S,EDGX,481
2020/04/22,GME,GME,S,BATS,2755
2020/04/22,GME,GME,S,C2,1719
2020/04/22,GME,GME,S,CBOE,1714
2020/04/22,GME,GME,S,EDGX,3147
2020/04/23,GME,GME,S,BATS,1588
2020/04/23,GME,GME,S,C2,12
2020/04/23,GME,GME,S,CBOE,2716
2020/04/23,GME,GME,S,EDGX,724
2020/04/24,GME,GME,S,BATS,1483
2020/04/24,GME,GME,S,C2,49
2020/04/24,GME,GME,S,CBOE,2641
2020/04/24,GME,GME,S,EDGX,223
2020/04/27,GME,GME,S,BATS,7949
2020/04/27,GME,GME,S,C2,118
2020/04/27,GME,GME,S,CBOE,7093
2020/04/27,GME,GME,S,EDGX,999
2020/04/28,GME,GME,S,BATS,6084
2020/04/28,GME,GME,S,C2,203
2020/04/28,GME,GME,S,CBOE,4859
2020/04/28,GME,GME,S,EDGX,803
2020/04/29,GME,GME,S,BATS,2474
2020/04/29,GME,GME,S,C2,61
2020/04/29,GME,GME,S,CBOE,4272
2020/04/29,GME,GME,S,EDGX,955
2020/04/30,GME,GME,S,BATS,2174
2020/04/30,GME,GME,S,C2,350
2020/04/30,GME,GME,S,CBOE,3301
2020/04/30,GME,GME,S,EDGX,448
2020/05/01,GME,GME,S,BATS,5995
2020/05/01,GME,GME,S,C2,288
2020/05/01,GME,GME,S,CBOE,5928
2020/05/01,GME,GME,S,EDGX,466
2020/05/04,GME,GME,S,BATS,3099
2020/05/04,GME,GME,S,C2,44
2020/05/04,GME,GME,S,CBOE,4116
2020/05/04,GME,GME,S,EDGX,403
2020/05/05,GME,GME,S,BATS,1881
2020/05/05,GME,GME,S,C2,21
2020/05/05,GME,GME,S,CBOE,904
2020/05/05,GME,GME,S,EDGX,172
2020/05/06,GME,GME,S,BATS,1401
2020/05/06,GME,GME,S,C2,40
2020/05/06,GME,GME,S,CBOE,1689
2020/05/06,GME,GME,S,EDGX,1359
2020/05/07,GME,GME,S,BATS,2519
2020/05/07,GME,GME,S,C2,631
2020/05/07,GME,GME,S,CBOE,2283
2020/05/07,GME,GME,S,EDGX,735
2020/05/08,GME,GME,S,BATS,1652
2020/05/08,GME,GME,S,C2,42
2020/05/08,GME,GME,S,CBOE,2089
2020/05/08,GME,GME,S,EDGX,479
2020/05/11,GME,GME,S,BATS,1991
2020/05/11,GME,GME,S,C2,40
2020/05/11,GME,GME,S,CBOE,2722
2020/05/11,GME,GME,S,EDGX,443
2020/05/12,GME,GME,S,BATS,1318
2020/05/12,GME,GME,S,C2,37
2020/05/12,GME,GME,S,CBOE,22965
2020/05/12,GME,GME,S,EDGX,1071
2020/05/13,GME,GME,S,BATS,902
2020/05/13,GME,GME,S,C2,55
2020/05/13,GME,GME,S,CBOE,1442
2020/05/13,GME,GME,S,EDGX,873
2020/05/14,GME,GME,S,BATS,994
2020/05/14,GME,GME,S,C2,67
2020/05/14,GME,GME,S,CBOE,1874
2020/05/14,GME,GME,S,EDGX,486
2020/05/15,GME,GME,S,BATS,880
2020/05/15,GME,GME,S,C2,11
2020/05/15,GME,GME,S,CBOE,1404
2020/05/15,GME,GME,S,EDGX,503
2020/05/18,GME,GME,S,BATS,1638
2020/05/18,GME,GME,S,C2,47
2020/05/18,GME,GME,S,CBOE,774
2020/05/18,GME,GME,S,EDGX,333
2020/05/19,GME,GME,S,BATS,728
2020/05/19,GME,GME,S,C2,27
2020/05/19,GME,GME,S,CBOE,1519
2020/05/19,GME,GME,S,EDGX,836
2020/05/20,GME,GME,S,BATS,1030
2020/05/20,GME,GME,S,C2,5
2020/05/20,GME,GME,S,CBOE,1747
2020/05/20,GME,GME,S,EDGX,258
2020/05/21,GME,GME,S,BATS,2543
2020/05/21,GME,GME,S,C2,31
2020/05/21,GME,GME,S,CBOE,1341
2020/05/21,GME,GME,S,EDGX,110
2020/05/22,GME,GME,S,BATS,2673
2020/05/22,GME,GME,S,C2,22
2020/05/22,GME,GME,S,CBOE,1344
2020/05/22,GME,GME,S,EDGX,615
2020/05/26,GME,GME,S,BATS,2977
2020/05/26,GME,GME,S,C2,48
2020/05/26,GME,GME,S,CBOE,1515
2020/05/26,GME,GME,S,EDGX,834
2020/05/27,GME,GME,S,BATS,1286
2020/05/27,GME,GME,S,C2,64
2020/05/27,GME,GME,S,CBOE,1327
2020/05/27,GME,GME,S,EDGX,752
2020/05/28,GME,GME,S,BATS,851
2020/05/28,GME,GME,S,C2,314
2020/05/28,GME,GME,S,CBOE,1346
2020/05/28,GME,GME,S,EDGX,551
2020/05/29,GME,GME,S,BATS,1782
2020/05/29,GME,GME,S,C2,27
2020/05/29,GME,GME,S,CBOE,758
2020/05/29,GME,GME,S,EDGX,716
2020/06/01,GME,GME,S,BATS,3478
2020/06/01,GME,GME,S,C2,68
2020/06/01,GME,GME,S,CBOE,3083
2020/06/01,GME,GME,S,EDGX,653
2020/06/02,GME,GME,S,BATS,1284
2020/06/02,GME,GME,S,C2,33
2020/06/02,GME,GME,S,CBOE,1990
2020/06/02,GME,GME,S,EDGX,539
2020/06/03,GME,GME,S,BATS,2361
2020/06/03,GME,GME,S,C2,23
2020/06/03,GME,GME,S,CBOE,2666
2020/06/03,GME,GME,S,EDGX,530
2020/06/04,GME,GME,S,BATS,1693
2020/06/04,GME,GME,S,C2,6
2020/06/04,GME,GME,S,CBOE,1798
2020/06/04,GME,GME,S,EDGX,574
2020/06/05,GME,GME,S,BATS,3077
2020/06/05,GME,GME,S,C2,280
2020/06/05,GME,GME,S,CBOE,3547
2020/06/05,GME,GME,S,EDGX,1058
2020/06/08,GME,GME,S,BATS,9718
2020/06/08,GME,GME,S,C2,469
2020/06/08,GME,GME,S,CBOE,7552
2020/06/08,GME,GME,S,EDGX,5171
2020/06/09,GME,GME,S,BATS,7251
2020/06/09,GME,GME,S,C2,263
2020/06/09,GME,GME,S,CBOE,10597
2020/06/09,GME,GME,S,EDGX,2295
2020/06/10,GME,GME,S,BATS,14560
2020/06/10,GME,GME,S,C2,412
2020/06/10,GME,GME,S,CBOE,12300
2020/06/10,GME,GME,S,EDGX,2699
2020/06/11,GME,GME,S,BATS,2778
2020/06/11,GME,GME,S,C2,92
2020/06/11,GME,GME,S,CBOE,4111
2020/06/11,GME,GME,S,EDGX,995
2020/06/12,GME,GME,S,BATS,1173
2020/06/12,GME,GME,S,C2,11
2020/06/12,GME,GME,S,CBOE,3590
2020/06/12,GME,GME,S,EDGX,1032
2020/06/15,GME,GME,S,BATS,563
2020/06/15,GME,GME,S,C2,206
2020/06/15,GME,GME,S,CBOE,2020
2020/06/15,GME,GME,S,EDGX,1171
2020/06/16,GME,GME,S,BATS,917
2020/06/16,GME,GME,S,C2,130
2020/06/16,GME,GME,S,CBOE,2570
2020/06/16,GME,GME,S,EDGX,780
2020/06/17,GME,GME,S,BATS,668
2020/06/17,GME,GME,S,C2,23
2020/06/17,GME,GME,S,CBOE,1013
2020/06/17,GME,GME,S,EDGX,165
2020/06/18,GME,GME,S,BATS,849
2020/06/18,GME,GME,S,C2,4
2020/06/18,GME,GME,S,CBOE,2634
2020/06/18,GME,GME,S,EDGX,705
2020/06/19,GME,GME,S,BATS,482
2020/06/19,GME,GME,S,C2,31
2020/06/19,GME,GME,S,CBOE,3625
2020/06/19,GME,GME,S,EDGX,572
2020/06/22,GME,GME,S,BATS,628
2020/06/22,GME,GME,S,C2,19
2020/06/22,GME,GME,S,CBOE,2052
2020/06/22,GME,GME,S,EDGX,573
2020/06/23,GME,GME,S,BATS,1682
2020/06/23,GME,GME,S,C2,313
2020/06/23,GME,GME,S,CBOE,1468
2020/06/23,GME,GME,S,EDGX,1336
2020/06/24,GME,GME,S,BATS,682
2020/06/24,GME,GME,S,C2,42
2020/06/24,GME,GME,S,CBOE,1857
2020/06/24,GME,GME,S,EDGX,1931
2020/06/25,GME,GME,S,BATS,711
2020/06/25,GME,GME,S,C2,669
2020/06/25,GME,GME,S,CBOE,2717
2020/06/25,GME,GME,S,EDGX,1897
2020/06/26,GME,GME,S,BATS,547
2020/06/26,GME,GME,S,C2,439
2020/06/26,GME,GME,S,CBOE,602
2020/06/26,GME,GME,S,EDGX,591
2020/06/29,GME,GME,S,BATS,1288
2020/06/29,GME,GME,S,C2,77
2020/06/29,GME,GME,S,CBOE,1328
2020/06/29,GME,GME,S,EDGX,2647
2020/06/30,GME,GME,S,BATS,898
2020/06/30,GME,GME,S,C2,10
2020/06/30,GME,GME,S,CBOE,2217
2020/06/30,GME,GME,S,EDGX,705
2020/07/01,GME,GME,S,BATS,493
2020/07/01,GME,GME,S,CBOE,898
2020/07/01,GME,GME,S,EDGX,534
2020/07/02,GME,GME,S,BATS,250
2020/07/02,GME,GME,S,C2,10
2020/07/02,GME,GME,S,CBOE,511
2020/07/02,GME,GME,S,EDGX,36
2020/07/06,GME,GME,S,BATS,1296
2020/07/06,GME,GME,S,C2,185
2020/07/06,GME,GME,S,CBOE,1339
2020/07/06,GME,GME,S,EDGX,490
2020/07/07,GME,GME,S,BATS,407
2020/07/07,GME,GME,S,C2,27
2020/07/07,GME,GME,S,CBOE,729
2020/07/07,GME,GME,S,EDGX,100
2020/07/08,GME,GME,S,BATS,183
2020/07/08,GME,GME,S,C2,33
2020/07/08,GME,GME,S,CBOE,772
2020/07/08,GME,GME,S,EDGX,379
2020/07/09,GME,GME,S,BATS,839
2020/07/09,GME,GME,S,C2,13
2020/07/09,GME,GME,S,CBOE,239
2020/07/09,GME,GME,S,EDGX,185
2020/07/10,GME,GME,S,BATS,161
2020/07/10,GME,GME,S,C2,4
2020/07/10,GME,GME,S,CBOE,467
2020/07/10,GME,GME,S,EDGX,177
2020/07/13,GME,GME,S,BATS,1592
2020/07/13,GME,GME,S,C2,259
2020/07/13,GME,GME,S,CBOE,1433
2020/07/13,GME,GME,S,EDGX,617
2020/07/14,GME,GME,S,BATS,271
2020/07/14,GME,GME,S,C2,18
2020/07/14,GME,GME,S,CBOE,1009
2020/07/14,GME,GME,S,EDGX,312
2020/07/15,GME,GME,S,BATS,261
2020/07/15,GME,GME,S,C2,15
2020/07/15,GME,GME,S,CBOE,220
2020/07/15,GME,GME,S,EDGX,419
2020/07/16,GME,GME,S,BATS,514
2020/07/16,GME,GME,S,C2,1
2020/07/16,GME,GME,S,CBOE,547
2020/07/16,GME,GME,S,EDGX,261
2020/07/17,GME,GME,S,BATS,549
2020/07/17,GME,GME,S,C2,425
2020/07/17,GME,GME,S,CBOE,4551
2020/07/17,GME,GME,S,EDGX,764
2020/07/20,GME,GME,S,BATS,1509
2020/07/20,GME,GME,S,C2,115
2020/07/20,GME,GME,S,CBOE,3100
2020/07/20,GME,GME,S,EDGX,1575
2020/07/21,GME,GME,S,BATS,1534
2020/07/21,GME,GME,S,C2,72
2020/07/21,GME,GME,S,CBOE,1049
2020/07/21,GME,GME,S,EDGX,763
2020/07/22,GME,GME,S,BATS,806
2020/07/22,GME,GME,S,C2,4
2020/07/22,GME,GME,S,CBOE,429
2020/07/22,GME,GME,S,EDGX,170
2020/07/23,GME,GME,S,BATS,196
2020/07/23,GME,GME,S,C2,16
2020/07/23,GME,GME,S,CBOE,147
2020/07/23,GME,GME,S,EDGX,78
2020/07/24,GME,GME,S,BATS,1429
2020/07/24,GME,GME,S,C2,70
2020/07/24,GME,GME,S,CBOE,755
2020/07/24,GME,GME,S,EDGX,130
2020/07/27,GME,GME,S,BATS,122
2020/07/27,GME,GME,S,C2,298
2020/07/27,GME,GME,S,CBOE,1092
2020/07/27,GME,GME,S,EDGX,322
2020/07/28,GME,GME,S,BATS,171
2020/07/28,GME,GME,S,C2,5
2020/07/28,GME,GME,S,CBOE,722
2020/07/28,GME,GME,S,EDGX,46
2020/07/29,GME,GME,S,BATS,881
2020/07/29,GME,GME,S,C2,77
2020/07/29,GME,GME,S,CBOE,1113
2020/07/29,GME,GME,S,EDGX,222
2020/07/30,GME,GME,S,BATS,197
2020/07/30,GME,GME,S,C2,80
2020/07/30,GME,GME,S,CBOE,497
2020/07/30,GME,GME,S,EDGX,100
2020/07/31,GME,GME,S,BATS,283
2020/07/31,GME,GME,S,C2,21
2020/07/31,GME,GME,S,CBOE,430
2020/07/31,GME,GME,S,EDGX,44
2020/08/03,GME,GME,S,BATS,694
2020/08/03,GME,GME,S,C2,37
2020/08/03,GME,GME,S,CBOE,1450
2020/08/03,GME,GME,S,EDGX,178
2020/08/04,GME,GME,S,BATS,3346
2020/08/04,GME,GME,S,C2,680
2020/08/04,GME,GME,S,CBOE,5697
2020/08/04,GME,GME,S,EDGX,1118
2020/08/05,GME,GME,S,BATS,962
2020/08/05,GME,GME,S,C2,18
2020/08/05,GME,GME,S,CBOE,1931
2020/08/05,GME,GME,S,EDGX,218
2020/08/06,GME,GME,S,BATS,234
2020/08/06,GME,GME,S,C2,2
2020/08/06,GME,GME,S,CBOE,1111
2020/08/06,GME,GME,S,EDGX,293
2020/08/07,GME,GME,S,BATS,395
2020/08/07,GME,GME,S,C2,90
2020/08/07,GME,GME,S,CBOE,1107
2020/08/07,GME,GME,S,EDGX,609
2020/08/10,GME,GME,S,BATS,1155
2020/08/10,GME,GME,S,C2,29
2020/08/10,GME,GME,S,CBOE,666
2020/08/10,GME,GME,S,EDGX,172
2020/08/11,GME,GME,S,BATS,729
2020/08/11,GME,GME,S,C2,24
2020/08/11,GME,GME,S,CBOE,2029
2020/08/11,GME,GME,S,EDGX,261
2020/08/12,GME,GME,S,BATS,219
2020/08/12,GME,GME,S,C2,17
2020/08/12,GME,GME,S,CBOE,763
2020/08/12,GME,GME,S,EDGX,167
2020/08/13,GME,GME,S,BATS,384
2020/08/13,GME,GME,S,C2,36
2020/08/13,GME,GME,S,CBOE,945
2020/08/13,GME,GME,S,EDGX,30
2020/08/14,GME,GME,S,BATS,933
2020/08/14,GME,GME,S,C2,58
2020/08/14,GME,GME,S,CBOE,1360
2020/08/14,GME,GME,S,EDGX,323
2020/08/17,GME,GME,S,BATS,205
2020/08/17,GME,GME,S,C2,38
2020/08/17,GME,GME,S,CBOE,1003
2020/08/17,GME,GME,S,EDGX,231
2020/08/18,GME,GME,S,BATS,505
2020/08/18,GME,GME,S,C2,35
2020/08/18,GME,GME,S,CBOE,1067
2020/08/18,GME,GME,S,EDGX,62
2020/08/19,GME,GME,S,BATS,53
2020/08/19,GME,GME,S,C2,40
2020/08/19,GME,GME,S,CBOE,212
2020/08/19,GME,GME,S,EDGX,170
2020/08/20,GME,GME,S,BATS,351
2020/08/20,GME,GME,S,C2,16
2020/08/20,GME,GME,S,CBOE,215
2020/08/20,GME,GME,S,EDGX,40
2020/08/21,GME,GME,S,BATS,2305
2020/08/21,GME,GME,S,C2,260
2020/08/21,GME,GME,S,CBOE,9074
2020/08/21,GME,GME,S,EDGX,2510
2020/08/24,GME,GME,S,BATS,1421
2020/08/24,GME,GME,S,C2,85
2020/08/24,GME,GME,S,CBOE,1100
2020/08/24,GME,GME,S,EDGX,312
2020/08/25,GME,GME,S,BATS,469
2020/08/25,GME,GME,S,C2,67
2020/08/25,GME,GME,S,CBOE,801
2020/08/25,GME,GME,S,EDGX,387
2020/08/26,GME,GME,S,BATS,2012
2020/08/26,GME,GME,S,C2,460
2020/08/26,GME,GME,S,CBOE,2002
2020/08/26,GME,GME,S,EDGX,2787
2020/08/27,GME,GME,S,BATS,1455
2020/08/27,GME,GME,S,C2,57
2020/08/27,GME,GME,S,CBOE,489
2020/08/27,GME,GME,S,EDGX,205
2020/08/28,GME,GME,S,BATS,5434
2020/08/28,GME,GME,S,C2,782
2020/08/28,GME,GME,S,CBOE,3497
2020/08/28,GME,GME,S,EDGX,1834
2020/08/31,GME,GME,S,BATS,9534
2020/08/31,GME,GME,S,C2,145
2020/08/31,GME,GME,S,CBOE,6933
2020/08/31,GME,GME,S,EDGX,3541
2020/09/01,GME,GME,S,BATS,5479
2020/09/01,GME,GME,S,C2,570
2020/09/01,GME,GME,S,CBOE,4103
2020/09/01,GME,GME,S,EDGX,2396
2020/09/02,GME,GME,S,BATS,4338
2020/09/02,GME,GME,S,C2,278
2020/09/02,GME,GME,S,CBOE,2848
2020/09/02,GME,GME,S,EDGX,1804
2020/09/03,GME,GME,S,BATS,3479
2020/09/03,GME,GME,S,C2,994
2020/09/03,GME,GME,S,CBOE,4068
2020/09/03,GME,GME,S,EDGX,1180
2020/09/04,GME,GME,S,BATS,2296
2020/09/04,GME,GME,S,C2,534
2020/09/04,GME,GME,S,CBOE,2888
2020/09/04,GME,GME,S,EDGX,691
2020/09/08,GME,GME,S,BATS,3707
2020/09/08,GME,GME,S,C2,794
2020/09/08,GME,GME,S,CBOE,3212
2020/09/08,GME,GME,S,EDGX,1670
2020/09/09,GME,GME,S,BATS,5688
2020/09/09,GME,GME,S,C2,863
2020/09/09,GME,GME,S,CBOE,6452
2020/09/09,GME,GME,S,EDGX,5149
2020/09/10,GME,GME,S,BATS,10023
2020/09/10,GME,GME,S,C2,1116
2020/09/10,GME,GME,S,CBOE,6203
2020/09/10,GME,GME,S,EDGX,4633
2020/09/11,GME,GME,S,BATS,3101
2020/09/11,GME,GME,S,C2,893
2020/09/11,GME,GME,S,CBOE,5275
2020/09/11,GME,GME,S,EDGX,2006
2020/09/14,GME,GME,S,BATS,6046
2020/09/14,GME,GME,S,C2,336
2020/09/14,GME,GME,S,CBOE,4842
2020/09/14,GME,GME,S,EDGX,2229
2020/09/15,GME,GME,S,BATS,3231
2020/09/15,GME,GME,S,C2,362
2020/09/15,GME,GME,S,CBOE,3589
2020/09/15,GME,GME,S,EDGX,1106
2020/09/16,GME,GME,S,BATS,13301
2020/09/16,GME,GME,S,C2,521
2020/09/16,GME,GME,S,CBOE,12343
2020/09/16,GME,GME,S,EDGX,1998
2020/09/17,GME,GME,S,BATS,7881
2020/09/17,GME,GME,S,C2,377
2020/09/17,GME,GME,S,CBOE,10355
2020/09/17,GME,GME,S,EDGX,2295
2020/09/18,GME,GME,S,BATS,8759
2020/09/18,GME,GME,S,C2,524
2020/09/18,GME,GME,S,CBOE,8564
2020/09/18,GME,GME,S,EDGX,2923
2020/09/21,GME,GME,S,BATS,4251
2020/09/21,GME,GME,S,C2,262
2020/09/21,GME,GME,S,CBOE,5675
2020/09/21,GME,GME,S,EDGX,2759
2020/09/22,GME,GME,S,BATS,8817
2020/09/22,GME,GME,S,C2,908
2020/09/22,GME,GME,S,CBOE,13104
2020/09/22,GME,GME,S,EDGX,3012
2020/09/23,GME,GME,S,BATS,3427
2020/09/23,GME,GME,S,C2,222
2020/09/23,GME,GME,S,CBOE,6922
2020/09/23,GME,GME,S,EDGX,2097
2020/09/24,GME,GME,S,BATS,4645
2020/09/24,GME,GME,S,C2,405
2020/09/24,GME,GME,S,CBOE,3567
2020/09/24,GME,GME,S,EDGX,1429
2020/09/25,GME,GME,S,BATS,3151
2020/09/25,GME,GME,S,C2,406
2020/09/25,GME,GME,S,CBOE,6905
2020/09/25,GME,GME,S,EDGX,3529
2020/09/28,GME,GME,S,BATS,2307
2020/09/28,GME,GME,S,C2,614
2020/09/28,GME,GME,S,CBOE,5932
2020/09/28,GME,GME,S,EDGX,776
2020/09/29,GME,GME,S,BATS,2563
2020/09/29,GME,GME,S,C2,415
2020/09/29,GME,GME,S,CBOE,2819
2020/09/29,GME,GME,S,EDGX,2345
2020/09/30,GME,GME,S,BATS,1826
2020/09/30,GME,GME,S,C2,335
2020/09/30,GME,GME,S,CBOE,3176
2020/09/30,GME,GME,S,EDGX,1686
2020/10/01,GME,GME,S,BATS,1630
2020/10/01,GME,GME,S,C2,140
2020/10/01,GME,GME,S,CBOE,4062
2020/10/01,GME,GME,S,EDGX,2820
2020/10/02,GME,GME,S,BATS,2147
2020/10/02,GME,GME,S,C2,8800
2020/10/02,GME,GME,S,CBOE,2509
2020/10/02,GME,GME,S,EDGX,668
2020/10/05,GME,GME,S,BATS,1480
2020/10/05,GME,GME,S,C2,2733
2020/10/05,GME,GME,S,CBOE,3207
2020/10/05,GME,GME,S,EDGX,805
2020/10/06,GME,GME,S,BATS,1145
2020/10/06,GME,GME,S,C2,58
2020/10/06,GME,GME,S,CBOE,1265
2020/10/06,GME,GME,S,EDGX,358
2020/10/07,GME,GME,S,BATS,912
2020/10/07,GME,GME,S,C2,84
2020/10/07,GME,GME,S,CBOE,974
2020/10/07,GME,GME,S,EDGX,355
2020/10/08,GME,GME,S,BATS,39943
2020/10/08,GME,GME,S,C2,1355
2020/10/08,GME,GME,S,CBOE,30004
2020/10/08,GME,GME,S,EDGX,7590
2020/10/09,GME,GME,S,BATS,48558
2020/10/09,GME,GME,S,C2,3960
2020/10/09,GME,GME,S,CBOE,48283
2020/10/09,GME,GME,S,EDGX,15495
2020/10/12,GME,GME,S,BATS,12658
2020/10/12,GME,GME,S,C2,1132
2020/10/12,GME,GME,S,CBOE,19441
2020/10/12,GME,GME,S,EDGX,5432
2020/10/13,GME,GME,S,BATS,4798
2020/10/13,GME,GME,S,C2,642
2020/10/13,GME,GME,S,CBOE,8512
2020/10/13,GME,GME,S,EDGX,2955
2020/10/14,GME,GME,S,BATS,7203
2020/10/14,GME,GME,S,C2,1634
2020/10/14,GME,GME,S,CBOE,14860
2020/10/14,GME,GME,S,EDGX,3002
2020/10/15,GME,GME,S,BATS,28025
2020/10/15,GME,GME,S,C2,4276
2020/10/15,GME,GME,S,CBOE,30892
2020/10/15,GME,GME,S,EDGX,8197
2020/10/16,GME,GME,S,BATS,9098
2020/10/16,GME,GME,S,C2,2807
2020/10/16,GME,GME,S,CBOE,10769
2020/10/16,GME,GME,S,EDGX,2681
2020/10/19,GME,GME,S,BATS,10258
2020/10/19,GME,GME,S,C2,2013
2020/10/19,GME,GME,S,CBOE,9140
2020/10/19,GME,GME,S,EDGX,6080
2020/10/20,GME,GME,S,BATS,3212
2020/10/20,GME,GME,S,C2,837
2020/10/20,GME,GME,S,CBOE,5584
2020/10/20,GME,GME,S,EDGX,1265
2020/10/21,GME,GME,S,BATS,2670
2020/10/21,GME,GME,S,C2,592
2020/10/21,GME,GME,S,CBOE,5949
2020/10/21,GME,GME,S,EDGX,1308
2020/10/22,GME,GME,S,BATS,8189
2020/10/22,GME,GME,S,C2,1455
2020/10/22,GME,GME,S,CBOE,13372
2020/10/22,GME,GME,S,EDGX,1909
2020/10/23,GME,GME,S,BATS,4510
2020/10/23,GME,GME,S,C2,665
2020/10/23,GME,GME,S,CBOE,5882
2020/10/23,GME,GME,S,EDGX,637
2020/10/26,GME,GME,S,BATS,6975
2020/10/26,GME,GME,S,C2,692
2020/10/26,GME,GME,S,CBOE,8849
2020/10/26,GME,GME,S,EDGX,1535
2020/10/27,GME,GME,S,BATS,5521
2020/10/27,GME,GME,S,C2,654
2020/10/27,GME,GME,S,CBOE,7484
2020/10/27,GME,GME,S,EDGX,1722
2020/10/28,GME,GME,S,BATS,5910
2020/10/28,GME,GME,S,C2,523
2020/10/28,GME,GME,S,CBOE,4467
2020/10/28,GME,GME,S,EDGX,1814
2020/10/29,GME,GME,S,BATS,6143
2020/10/29,GME,GME,S,C2,409
2020/10/29,GME,GME,S,CBOE,3210
2020/10/29,GME,GME,S,EDGX,496
2020/10/30,GME,GME,S,BATS,3942
2020/10/30,GME,GME,S,C2,1751
2020/10/30,GME,GME,S,CBOE,9209
2020/10/30,GME,GME,S,EDGX,1824
2020/11/02,GME,GME,S,BATS,1667
2020/11/02,GME,GME,S,C2,673
2020/11/02,GME,GME,S,CBOE,3216
2020/11/02,GME,GME,S,EDGX,804
2020/11/03,GME,GME,S,BATS,3728
2020/11/03,GME,GME,S,C2,1130
2020/11/03,GME,GME,S,CBOE,5167
2020/11/03,GME,GME,S,EDGX,436
2020/11/04,GME,GME,S,BATS,2683
2020/11/04,GME,GME,S,C2,385
2020/11/04,GME,GME,S,CBOE,2296
2020/11/04,GME,GME,S,EDGX,1012
2020/11/05,GME,GME,S,BATS,3057
2020/11/05,GME,GME,S,C2,551
2020/11/05,GME,GME,S,CBOE,1786
2020/11/05,GME,GME,S,EDGX,314
2020/11/06,GME,GME,S,BATS,2604
2020/11/06,GME,GME,S,C2,622
2020/11/06,GME,GME,S,CBOE,4501
2020/11/06,GME,GME,S,EDGX,2729
2020/11/09,GME,GME,S,BATS,2380
2020/11/09,GME,GME,S,C2,339
2020/11/09,GME,GME,S,CBOE,3573
2020/11/09,GME,GME,S,EDGX,679
2020/11/10,GME,GME,S,BATS,3105
2020/11/10,GME,GME,S,C2,2337
2020/11/10,GME,GME,S,CBOE,3618
2020/11/10,GME,GME,S,EDGX,795
2020/11/11,GME,GME,S,BATS,2972
2020/11/11,GME,GME,S,C2,539
2020/11/11,GME,GME,S,CBOE,2406
2020/11/11,GME,GME,S,EDGX,3306
2020/11/12,GME,GME,S,BATS,2008
2020/11/12,GME,GME,S,C2,831
2020/11/12,GME,GME,S,CBOE,2220
2020/11/12,GME,GME,S,EDGX,1075
2020/11/13,GME,GME,S,BATS,1127
2020/11/13,GME,GME,S,C2,253
2020/11/13,GME,GME,S,CBOE,3143
2020/11/13,GME,GME,S,EDGX,476
2020/11/16,GME,GME,S,BATS,4806
2020/11/16,GME,GME,S,C2,745
2020/11/16,GME,GME,S,CBOE,8624
2020/11/16,GME,GME,S,EDGX,1110
2020/11/17,GME,GME,S,BATS,2612
2020/11/17,GME,GME,S,C2,1872
2020/11/17,GME,GME,S,CBOE,4431
2020/11/17,GME,GME,S,EDGX,442
2020/11/18,GME,GME,S,BATS,2006
2020/11/18,GME,GME,S,C2,776
2020/11/18,GME,GME,S,CBOE,3914
2020/11/18,GME,GME,S,EDGX,520
2020/11/19,GME,GME,S,BATS,7356
2020/11/19,GME,GME,S,C2,2815
2020/11/19,GME,GME,S,CBOE,10285
2020/11/19,GME,GME,S,EDGX,5121
2020/11/20,GME,GME,S,BATS,7275
2020/11/20,GME,GME,S,C2,2603
2020/11/20,GME,GME,S,CBOE,11084
2020/11/20,GME,GME,S,EDGX,2000
2020/11/23,GME,GME,S,BATS,5414
2020/11/23,GME,GME,S,C2,3234
2020/11/23,GME,GME,S,CBOE,9813
2020/11/23,GME,GME,S,EDGX,2831
2020/11/24,GME,GME,S,BATS,2182
2020/11/24,GME,GME,S,C2,1336
2020/11/24,GME,GME,S,CBOE,6566
2020/11/24,GME,GME,S,EDGX,1964
2020/11/25,GME,GME,S,BATS,9067
2020/11/25,GME,GME,S,C2,2564
2020/11/25,GME,GME,S,CBOE,14112
2020/11/25,GME,GME,S,EDGX,4667
2020/11/27,GME,GME,S,BATS,10378
2020/11/27,GME,GME,S,C2,3638
2020/11/27,GME,GME,S,CBOE,17875
2020/11/27,GME,GME,S,EDGX,9389
2020/11/30,GME,GME,S,BATS,20976
2020/11/30,GME,GME,S,C2,7606
2020/11/30,GME,GME,S,CBOE,26156
2020/11/30,GME,GME,S,EDGX,10971
2020/12/01,GME,GME,S,BATS,8727
2020/12/01,GME,GME,S,C2,894
2020/12/01,GME,GME,S,CBOE,12586
2020/12/01,GME,GME,S,EDGX,3289
2020/12/02,GME,GME,S,BATS,9215
2020/12/02,GME,GME,S,C2,1264
2020/12/02,GME,GME,S,CBOE,8727
2020/12/02,GME,GME,S,EDGX,2520
2020/12/03,GME,GME,S,BATS,6150
2020/12/03,GME,GME,S,C2,984
2020/12/03,GME,GME,S,CBOE,6754
2020/12/03,GME,GME,S,EDGX,2331
2020/12/04,GME,GME,S,BATS,7406
2020/12/04,GME,GME,S,C2,879
2020/12/04,GME,GME,S,CBOE,11560
2020/12/04,GME,GME,S,EDGX,8588
2020/12/07,GME,GME,S,BATS,7567
2020/12/07,GME,GME,S,C2,1218
2020/12/07,GME,GME,S,CBOE,10298
2020/12/07,GME,GME,S,EDGX,3273
2020/12/08,GME,GME,S,BATS,16084
2020/12/08,GME,GME,S,C2,2023
2020/12/08,GME,GME,S,CBOE,29248
2020/12/08,GME,GME,S,EDGX,8106
2020/12/09,GME,GME,S,BATS,27655
2020/12/09,GME,GME,S,C2,4691
2020/12/09,GME,GME,S,CBOE,30293
2020/12/09,GME,GME,S,EDGX,16445
2020/12/10,GME,GME,S,BATS,8792
2020/12/10,GME,GME,S,C2,2391
2020/12/10,GME,GME,S,CBOE,10775
2020/12/10,GME,GME,S,EDGX,4042
2020/12/11,GME,GME,S,BATS,9701
2020/12/11,GME,GME,S,C2,3483
2020/12/11,GME,GME,S,CBOE,9986
2020/12/11,GME,GME,S,EDGX,5718
2020/12/14,GME,GME,S,BATS,10685
2020/12/14,GME,GME,S,C2,1600
2020/12/14,GME,GME,S,CBOE,8157
2020/12/14,GME,GME,S,EDGX,3851
2020/12/15,GME,GME,S,BATS,9656
2020/12/15,GME,GME,S,C2,1379
2020/12/15,GME,GME,S,CBOE,7394
2020/12/15,GME,GME,S,EDGX,4625
2020/12/16,GME,GME,S,BATS,4567
2020/12/16,GME,GME,S,C2,591
2020/12/16,GME,GME,S,CBOE,4442
2020/12/16,GME,GME,S,EDGX,1619
2020/12/17,GME,GME,S,BATS,6585
2020/12/17,GME,GME,S,C2,1450
2020/12/17,GME,GME,S,CBOE,7064
2020/12/17,GME,GME,S,EDGX,5220
2020/12/18,GME,GME,S,BATS,11650
2020/12/18,GME,GME,S,C2,2745
2020/12/18,GME,GME,S,CBOE,10277
2020/12/18,GME,GME,S,EDGX,5058
2020/12/21,GME,GME,S,BATS,6296
2020/12/21,GME,GME,S,C2,1527
2020/12/21,GME,GME,S,CBOE,7143
2020/12/21,GME,GME,S,EDGX,7396
2020/12/22,GME,GME,S,BATS,26516
2020/12/22,GME,GME,S,C2,6893
2020/12/22,GME,GME,S,CBOE,38289
2020/12/22,GME,GME,S,EDGX,7638
2020/12/23,GME,GME,S,BATS,29692
2020/12/23,GME,GME,S,C2,7900
2020/12/23,GME,GME,S,CBOE,30780
2020/12/23,GME,GME,S,EDGX,12951
2020/12/24,GME,GME,S,BATS,12250
2020/12/24,GME,GME,S,C2,3429
2020/12/24,GME,GME,S,CBOE,12327
2020/12/24,GME,GME,S,EDGX,3937
2020/12/28,GME,GME,S,BATS,8476
2020/12/28,GME,GME,S,C2,1940
2020/12/28,GME,GME,S,CBOE,13914
2020/12/28,GME,GME,S,EDGX,3601
2020/12/29,GME,GME,S,BATS,10146
2020/12/29,GME,GME,S,C2,1644
2020/12/29,GME,GME,S,CBOE,12000
2020/12/29,GME,GME,S,EDGX,3925
2020/12/30,GME,GME,S,BATS,6978
2020/12/30,GME,GME,S,C2,978
2020/12/30,GME,GME,S,CBOE,9509
2020/12/30,GME,GME,S,EDGX,2087
2020/12/31,GME,GME,S,BATS,6884
2020/12/31,GME,GME,S,C2,1712
2020/12/31,GME,GME,S,CBOE,10364
2020/12/31,GME,GME,S,EDGX,2297
2021/01/04,GME,GME,S,BATS,6849
2021/01/04,GME,GME,S,C2,1710
2021/01/04,GME,GME,S,CBOE,10577
2021/01/04,GME,GME,S,EDGX,3418
2021/01/05,GME,GME,S,BATS,4429
2021/01/05,GME,GME,S,C2,1017
2021/01/05,GME,GME,S,CBOE,8357
2021/01/05,GME,GME,S,EDGX,1166
2021/01/06,GME,GME,S,BATS,6863
2021/01/06,GME,GME,S,C2,1493
2021/01/06,GME,GME,S,CBOE,9225
2021/01/06,GME,GME,S,EDGX,2615
2021/01/07,GME,GME,S,BATS,4399
2021/01/07,GME,GME,S,C2,1562
2021/01/07,GME,GME,S,CBOE,7688
2021/01/07,GME,GME,S,EDGX,3365
2021/01/08,GME,GME,S,BATS,7082
2021/01/08,GME,GME,S,C2,2234
2021/01/08,GME,GME,S,CBOE,11316
2021/01/08,GME,GME,S,EDGX,3008
2021/01/11,GME,GME,S,BATS,12018
2021/01/11,GME,GME,S,C2,2396
2021/01/11,GME,GME,S,CBOE,16283
2021/01/11,GME,GME,S,EDGX,3366
2021/01/12,GME,GME,S,BATS,4503
2021/01/12,GME,GME,S,C2,1240
2021/01/12,GME,GME,S,CBOE,7501
2021/01/12,GME,GME,S,EDGX,3561
2021/01/13,GME,GME,S,BATS,81511
2021/01/13,GME,GME,S,C2,21275
2021/01/13,GME,GME,S,CBOE,74002
2021/01/13,GME,GME,S,EDGX,31738
2021/01/14,GME,GME,S,BATS,80392
2021/01/14,GME,GME,S,C2,8844
2021/01/14,GME,GME,S,CBOE,53246
2021/01/14,GME,GME,S,EDGX,23361
2021/01/15,GME,GME,S,BATS,87692
2021/01/15,GME,GME,S,C2,8809
2021/01/15,GME,GME,S,CBOE,41650
2021/01/15,GME,GME,S,EDGX,18108
2021/01/19,GME,GME,S,BATS,99055
2021/01/19,GME,GME,S,C2,5977
2021/01/19,GME,GME,S,CBOE,52737
2021/01/19,GME,GME,S,EDGX,17842
2021/01/20,GME,GME,S,BATS,62707
2021/01/20,GME,GME,S,C2,3032
2021/01/20,GME,GME,S,CBOE,35424
2021/01/20,GME,GME,S,EDGX,10342
2021/01/21,GME,GME,S,BATS,99783
2021/01/21,GME,GME,S,C2,14235
2021/01/21,GME,GME,S,CBOE,42002
2021/01/21,GME,GME,S,EDGX,13912
2021/01/22,GME,GME,S,BATS,378321
2021/01/22,GME,GME,S,C2,32040
2021/01/22,GME,GME,S,CBOE,196703
2021/01/22,GME,GME,S,EDGX,70854
2021/01/25,GME,GME,S,BATS,172241
2021/01/25,GME,GME,S,C2,21125
2021/01/25,GME,GME,S,CBOE,119521
2021/01/25,GME,GME,S,EDGX,61348
2021/01/26,GME,GME,S,BATS,208505
2021/01/26,GME,GME,S,C2,25804
2021/01/26,GME,GME,S,CBOE,125757
2021/01/26,GME,GME,S,EDGX,54919
2021/01/27,GME,GME,S,BATS,189017
2021/01/27,GME,GME,S,C2,23594
2021/01/27,GME,GME,S,CBOE,131094
2021/01/27,GME,GME,S,EDGX,35690
2021/01/28,GME,GME,S,BATS,109746
2021/01/28,GME,GME,S,C2,23571
2021/01/28,GME,GME,S,CBOE,79249
2021/01/28,GME,GME,S,EDGX,17361
2021/01/29,GME,GME,S,BATS,110524
2021/01/29,GME,GME,S,C2,13004
2021/01/29,GME,GME,S,CBOE,71277
2021/01/29,GME,GME,S,EDGX,20694
2021/02/01,GME,GME,S,BATS,69507
2021/02/01,GME,GME,S,C2,10992
2021/02/01,GME,GME,S,CBOE,66169
2021/02/01,GME,GME,S,EDGX,28108
2021/02/02,GME,GME,S,BATS,104099
2021/02/02,GME,GME,S,C2,12925
2021/02/02,GME,GME,S,CBOE,81020
2021/02/02,GME,GME,S,EDGX,37622
2021/02/03,GME,GME,S,BATS,67492
2021/02/03,GME,GME,S,C2,8085
2021/02/03,GME,GME,S,CBOE,51944
2021/02/03,GME,GME,S,EDGX,21243
2021/02/04,GME,GME,S,BATS,94320
2021/02/04,GME,GME,S,C2,12872
2021/02/04,GME,GME,S,CBOE,92012
2021/02/04,GME,GME,S,EDGX,42029
2021/02/05,GME,GME,S,BATS,84456
2021/02/05,GME,GME,S,C2,14621
2021/02/05,GME,GME,S,CBOE,93257
2021/02/05,GME,GME,S,EDGX,37677
2021/02/08,GME,GME,S,BATS,38219
2021/02/08,GME,GME,S,C2,5723
2021/02/08,GME,GME,S,CBOE,47578
2021/02/08,GME,GME,S,EDGX,20461
2021/02/09,GME,GME,S,BATS,39128
2021/02/09,GME,GME,S,C2,4426
2021/02/09,GME,GME,S,CBOE,60599
2021/02/09,GME,GME,S,EDGX,22914
2021/02/10,GME,GME,S,BATS,46610
2021/02/10,GME,GME,S,C2,6177
2021/02/10,GME,GME,S,CBOE,47485
2021/02/10,GME,GME,S,EDGX,21902
2021/02/11,GME,GME,S,BATS,25821
2021/02/11,GME,GME,S,C2,3560
2021/02/11,GME,GME,S,CBOE,35724
2021/02/11,GME,GME,S,EDGX,15883
2021/02/12,GME,GME,S,BATS,32502
2021/02/12,GME,GME,S,C2,5131
2021/02/12,GME,GME,S,CBOE,46072
2021/02/12,GME,GME,S,EDGX,16986
2021/02/16,GME,GME,S,BATS,25435
2021/02/16,GME,GME,S,C2,3317
2021/02/16,GME,GME,S,CBOE,34012
2021/02/16,GME,GME,S,EDGX,21615
2021/02/17,GME,GME,S,BATS,18346
2021/02/17,GME,GME,S,C2,3667
2021/02/17,GME,GME,S,CBOE,25966
2021/02/17,GME,GME,S,EDGX,12814
2021/02/18,GME,GME,S,BATS,29336
2021/02/18,GME,GME,S,C2,5898
2021/02/18,GME,GME,S,CBOE,30975
2021/02/18,GME,GME,S,EDGX,19973
2021/02/19,GME,GME,S,BATS,27946
2021/02/19,GME,GME,S,C2,5869
2021/02/19,GME,GME,S,CBOE,43000
2021/02/19,GME,GME,S,EDGX,23948
2021/02/22,GME,GME,S,BATS,25807
2021/02/22,GME,GME,S,C2,4901
2021/02/22,GME,GME,S,CBOE,33058
2021/02/22,GME,GME,S,EDGX,17449
2021/02/23,GME,GME,S,BATS,10603
2021/02/23,GME,GME,S,C2,2789
2021/02/23,GME,GME,S,CBOE,15637
2021/02/23,GME,GME,S,EDGX,3914
2021/02/24,GME,GME,S,BATS,32362
2021/02/24,GME,GME,S,C2,7239
2021/02/24,GME,GME,S,CBOE,46523
2021/02/24,GME,GME,S,EDGX,16977
2021/02/25,GME,GME,S,BATS,134744
2021/02/25,GME,GME,S,C2,17198
2021/02/25,GME,GME,S,CBOE,142516
2021/02/25,GME,GME,S,EDGX,46213
2021/02/26,GME,GME,S,BATS,77301
2021/02/26,GME,GME,S,C2,12099
2021/02/26,GME,GME,S,CBOE,87694
2021/02/26,GME,GME,S,EDGX,42324
2021/03/01,GME,GME,S,BATS,34876
2021/03/01,GME,GME,S,C2,4460
2021/03/01,GME,GME,S,CBOE,41776
2021/03/01,GME,GME,S,EDGX,19127
2021/03/02,GME,GME,S,BATS,32943
2021/03/02,GME,GME,S,C2,3392
2021/03/02,GME,GME,S,CBOE,48715
2021/03/02,GME,GME,S,EDGX,17823
2021/03/03,GME,GME,S,BATS,18786
2021/03/03,GME,GME,S,C2,10091
2021/03/03,GME,GME,S,CBOE,26069
2021/03/03,GME,GME,S,EDGX,11177
2021/03/04,GME,GME,S,BATS,29403
2021/03/04,GME,GME,S,C2,8803
2021/03/04,GME,GME,S,CBOE,39764
2021/03/04,GME,GME,S,EDGX,18857
2021/03/05,GME,GME,S,BATS,29375
2021/03/05,GME,GME,S,C2,5179
2021/03/05,GME,GME,S,CBOE,39015
2021/03/05,GME,GME,S,EDGX,22040
2021/03/08,GME,GME,S,BATS,51837
2021/03/08,GME,GME,S,C2,8151
2021/03/08,GME,GME,S,CBOE,45021
2021/03/08,GME,GME,S,EDGX,29804
2021/03/09,GME,GME,S,BATS,31363
2021/03/09,GME,GME,S,C2,5022
2021/03/09,GME,GME,S,CBOE,33230
2021/03/09,GME,GME,S,EDGX,21248
2021/03/10,GME,GME,S,BATS,82673
2021/03/10,GME,GME,S,C2,9732
2021/03/10,GME,GME,S,CBOE,60475
2021/03/10,GME,GME,S,EDGX,43899
2021/03/11,GME,GME,S,BATS,35160
2021/03/11,GME,GME,S,C2,7355
2021/03/11,GME,GME,S,CBOE,39293
2021/03/11,GME,GME,S,EDGX,26810
2021/03/12,GME,GME,S,BATS,47030
2021/03/12,GME,GME,S,C2,6426
2021/03/12,GME,GME,S,CBOE,50330
2021/03/12,GME,GME,S,EDGX,30396
2021/03/15,GME,GME,S,BATS,24972
2021/03/15,GME,GME,S,C2,5509
2021/03/15,GME,GME,S,CBOE,28307
2021/03/15,GME,GME,S,EDGX,19974
2021/03/16,GME,GME,S,BATS,26916
2021/03/16,GME,GME,S,C2,4523
2021/03/16,GME,GME,S,CBOE,33418
2021/03/16,GME,GME,S,EDGX,24051
2021/03/17,GME,GME,S,BATS,12773
2021/03/17,GME,GME,S,C2,2090
2021/03/17,GME,GME,S,CBOE,22762
2021/03/17,GME,GME,S,EDGX,11369
2021/03/18,GME,GME,S,BATS,17380
2021/03/18,GME,GME,S,C2,1646
2021/03/18,GME,GME,S,CBOE,23720
2021/03/18,GME,GME,S,EDGX,22930
2021/03/19,GME,GME,S,BATS,35280
2021/03/19,GME,GME,S,C2,4913
2021/03/19,GME,GME,S,CBOE,43214
2021/03/19,GME,GME,S,EDGX,26551
2021/03/22,GME,GME,S,BATS,11038
2021/03/22,GME,GME,S,C2,1344
2021/03/22,GME,GME,S,CBOE,15414
2021/03/22,GME,GME,S,EDGX,14465
2021/03/23,GME,GME,S,BATS,16854
2021/03/23,GME,GME,S,C2,1863
2021/03/23,GME,GME,S,CBOE,26085
2021/03/23,GME,GME,S,EDGX,17781
2021/03/24,GME,GME,S,BATS,28788
2021/03/24,GME,GME,S,C2,5927
2021/03/24,GME,GME,S,CBOE,47944
2021/03/24,GME,GME,S,EDGX,26789
2021/03/25,GME,GME,S,BATS,39811
2021/03/25,GME,GME,S,C2,9069
2021/03/25,GME,GME,S,CBOE,59389
2021/03/25,GME,GME,S,EDGX,28794
2021/03/26,GME,GME,S,BATS,38937
2021/03/26,GME,GME,S,C2,6808
2021/03/26,GME,GME,S,CBOE,57484
2021/03/26,GME,GME,S,EDGX,32756
2021/03/29,GME,GME,S,BATS,9924
2021/03/29,GME,GME,S,C2,2016
2021/03/29,GME,GME,S,CBOE,19641
2021/03/29,GME,GME,S,EDGX,17945
2021/03/30,GME,GME,S,BATS,18059
2021/03/30,GME,GME,S,C2,3540
2021/03/30,GME,GME,S,CBOE,33806
2021/03/30,GME,GME,S,EDGX,11731
2021/03/31,GME,GME,S,BATS,13712
2021/03/31,GME,GME,S,C2,3340
2021/03/31,GME,GME,S,CBOE,27830
2021/03/31,GME,GME,S,EDGX,7558
2021/04/01,GME,GME,S,BATS,22208
2021/04/01,GME,GME,S,C2,4948
2021/04/01,GME,GME,S,CBOE,37587
2021/04/01,GME,GME,S,EDGX,10459
2021/04/05,GME,GME,S,BATS,20416
2021/04/05,GME,GME,S,C2,10585
2021/04/05,GME,GME,S,CBOE,43402
2021/04/05,GME,GME,S,EDGX,11486
2021/04/06,GME,GME,S,BATS,10137
2021/04/06,GME,GME,S,C2,2766
2021/04/06,GME,GME,S,CBOE,18570
2021/04/06,GME,GME,S,EDGX,6342
2021/04/07,GME,GME,S,BATS,16215
2021/04/07,GME,GME,S,C2,3713
2021/04/07,GME,GME,S,CBOE,26219
2021/04/07,GME,GME,S,EDGX,6235
2021/04/08,GME,GME,S,BATS,17100
2021/04/08,GME,GME,S,C2,4018
2021/04/08,GME,GME,S,CBOE,27095
2021/04/08,GME,GME,S,EDGX,7432
2021/04/09,GME,GME,S,BATS,25993
2021/04/09,GME,GME,S,C2,6772
2021/04/09,GME,GME,S,CBOE,35868
2021/04/09,GME,GME,S,EDGX,11504
2021/04/12,GME,GME,S,BATS,20278
2021/04/12,GME,GME,S,C2,6588
2021/04/12,GME,GME,S,CBOE,32466
2021/04/12,GME,GME,S,EDGX,11628
2021/04/13,GME,GME,S,BATS,11336
2021/04/13,GME,GME,S,C2,2975
2021/04/13,GME,GME,S,CBOE,18585
2021/04/13,GME,GME,S,EDGX,4716
2021/04/14,GME,GME,S,BATS,26466
2021/04/14,GME,GME,S,C2,8718
2021/04/14,GME,GME,S,CBOE,42598
2021/04/14,GME,GME,S,EDGX,13430
2021/04/15,GME,GME,S,BATS,16234
2021/04/15,GME,GME,S,C2,4434
2021/04/15,GME,GME,S,CBOE,31596
2021/04/15,GME,GME,S,EDGX,8835
2021/04/16,GME,GME,S,BATS,19700
2021/04/16,GME,GME,S,C2,3501
2021/04/16,GME,GME,S,CBOE,26120
2021/04/16,GME,GME,S,EDGX,8442
2021/04/19,GME,GME,S,BATS,12133
2021/04/19,GME,GME,S,C2,4394
2021/04/19,GME,GME,S,CBOE,22748
2021/04/19,GME,GME,S,EDGX,7117
2021/04/20,GME,GME,S,BATS,7591
2021/04/20,GME,GME,S,C2,1912
2021/04/20,GME,GME,S,CBOE,11157
2021/04/20,GME,GME,S,EDGX,2072
2021/04/21,GME,GME,S,BATS,9222
2021/04/21,GME,GME,S,C2,1810
2021/04/21,GME,GME,S,CBOE,11965
2021/04/21,GME,GME,S,EDGX,2703
2021/04/22,GME,GME,S,BATS,11916
2021/04/22,GME,GME,S,C2,2513
2021/04/22,GME,GME,S,CBOE,14599
2021/04/22,GME,GME,S,EDGX,3159
2021/04/23,GME,GME,S,BATS,16731
2021/04/23,GME,GME,S,C2,3792
2021/04/23,GME,GME,S,CBOE,18029
2021/04/23,GME,GME,S,EDGX,6835
2021/04/26,GME,GME,S,BATS,15669
2021/04/26,GME,GME,S,C2,5418
2021/04/26,GME,GME,S,CBOE,23549
2021/04/26,GME,GME,S,EDGX,7959
2021/04/27,GME,GME,S,BATS,15091
2021/04/27,GME,GME,S,C2,4494
2021/04/27,GME,GME,S,CBOE,17568
2021/04/27,GME,GME,S,EDGX,5745
2021/04/28,GME,GME,S,BATS,9691
2021/04/28,GME,GME,S,C2,3930
2021/04/28,GME,GME,S,CBOE,13938
2021/04/28,GME,GME,S,EDGX,2870
2021/04/29,GME,GME,S,BATS,13325
2021/04/29,GME,GME,S,C2,2639
2021/04/29,GME,GME,S,CBOE,20703
2021/04/29,GME,GME,S,EDGX,4178
2021/04/30,GME,GME,S,BATS,14357
2021/04/30,GME,GME,S,C2,2811
2021/04/30,GME,GME,S,CBOE,16868
2021/04/30,GME,GME,S,EDGX,4626
2021/05/03,GME,GME,S,BATS,7425
2021/05/03,GME,GME,S,C2,2713
2021/05/03,GME,GME,S,CBOE,11145
2021/05/03,GME,GME,S,EDGX,5263
2021/05/04,GME,GME,S,BATS,5900
2021/05/04,GME,GME,S,C2,2111
2021/05/04,GME,GME,S,CBOE,10465
2021/05/04,GME,GME,S,EDGX,3737
2021/05/05,GME,GME,S,BATS,5261
2021/05/05,GME,GME,S,C2,2177
2021/05/05,GME,GME,S,CBOE,7989
2021/05/05,GME,GME,S,EDGX,2407
2021/05/06,GME,GME,S,BATS,8159
2021/05/06,GME,GME,S,C2,2389
2021/05/06,GME,GME,S,CBOE,8517
2021/05/06,GME,GME,S,EDGX,4371
2021/05/07,GME,GME,S,BATS,13797
2021/05/07,GME,GME,S,C2,3531
2021/05/07,GME,GME,S,CBOE,15139
2021/05/07,GME,GME,S,EDGX,6072
2021/05/10,GME,GME,S,BATS,9771
2021/05/10,GME,GME,S,C2,3140
2021/05/10,GME,GME,S,CBOE,12230
2021/05/10,GME,GME,S,EDGX,4399
2021/05/11,GME,GME,S,BATS,11365
2021/05/11,GME,GME,S,C2,2395
2021/05/11,GME,GME,S,CBOE,7081
2021/05/11,GME,GME,S,EDGX,6265
2021/05/12,GME,GME,S,BATS,8143
2021/05/12,GME,GME,S,C2,2149
2021/05/12,GME,GME,S,CBOE,6351
2021/05/12,GME,GME,S,EDGX,5747
2021/05/13,GME,GME,S,BATS,17499
2021/05/13,GME,GME,S,C2,6459
2021/05/13,GME,GME,S,CBOE,16896
2021/05/13,GME,GME,S,EDGX,12310
2021/05/14,GME,GME,S,BATS,11816
2021/05/14,GME,GME,S,C2,3458
2021/05/14,GME,GME,S,CBOE,12382
2021/05/14,GME,GME,S,EDGX,8871
2021/05/17,GME,GME,S,BATS,11739
2021/05/17,GME,GME,S,C2,4830
2021/05/17,GME,GME,S,CBOE,13426
2021/05/17,GME,GME,S,EDGX,8997
2021/05/18,GME,GME,S,BATS,11725
2021/05/18,GME,GME,S,C2,3502
2021/05/18,GME,GME,S,CBOE,11661
2021/05/18,GME,GME,S,EDGX,5989
2021/05/19,GME,GME,S,BATS,8816
2021/05/19,GME,GME,S,C2,2934
2021/05/19,GME,GME,S,CBOE,6314
2021/05/19,GME,GME,S,EDGX,4844
2021/05/20,GME,GME,S,BATS,5295
2021/05/20,GME,GME,S,C2,1448
2021/05/20,GME,GME,S,CBOE,6058
2021/05/20,GME,GME,S,EDGX,2584
2021/05/21,GME,GME,S,BATS,12651
2021/05/21,GME,GME,S,C2,2986
2021/05/21,GME,GME,S,CBOE,18798
2021/05/21,GME,GME,S,EDGX,8147
2021/05/24,GME,GME,S,BATS,8107
2021/05/24,GME,GME,S,C2,2701
2021/05/24,GME,GME,S,CBOE,14994
2021/05/24,GME,GME,S,EDGX,5618
2021/05/25,GME,GME,S,BATS,21551
2021/05/25,GME,GME,S,C2,7482
2021/05/25,GME,GME,S,CBOE,28736
2021/05/25,GME,GME,S,EDGX,14389
2021/05/26,GME,GME,S,BATS,27171
2021/05/26,GME,GME,S,C2,11295
2021/05/26,GME,GME,S,CBOE,29958
2021/05/26,GME,GME,S,EDGX,15667
2021/05/27,GME,GME,S,BATS,26604
2021/05/27,GME,GME,S,C2,9132
2021/05/27,GME,GME,S,CBOE,25796
2021/05/27,GME,GME,S,EDGX,13705
2021/05/28,GME,GME,S,BATS,25181
2021/05/28,GME,GME,S,C2,7814
2021/05/28,GME,GME,S,CBOE,25869
2021/05/28,GME,GME,S,EDGX,15859
2021/06/01,GME,GME,S,BATS,12289
2021/06/01,GME,GME,S,C2,4521
2021/06/01,GME,GME,S,CBOE,16009
2021/06/01,GME,GME,S,EDGX,3636
2021/06/02,GME,GME,S,BATS,21174
2021/06/02,GME,GME,S,C2,7747
2021/06/02,GME,GME,S,CBOE,23944
2021/06/02,GME,GME,S,EDGX,7705
2021/06/03,GME,GME,S,BATS,16566
2021/06/03,GME,GME,S,C2,4949
2021/06/03,GME,GME,S,CBOE,16229
2021/06/03,GME,GME,S,EDGX,5377
2021/06/04,GME,GME,S,BATS,12389
2021/06/04,GME,GME,S,C2,3837
2021/06/04,GME,GME,S,CBOE,12781
2021/06/04,GME,GME,S,EDGX,5754
2021/06/07,GME,GME,S,BATS,8128
2021/06/07,GME,GME,S,C2,2459
2021/06/07,GME,GME,S,CBOE,16367
2021/06/07,GME,GME,S,EDGX,3148
2021/06/08,GME,GME,S,BATS,16437
2021/06/08,GME,GME,S,C2,5854
2021/06/08,GME,GME,S,CBOE,22130
2021/06/08,GME,GME,S,EDGX,6946
2021/06/09,GME,GME,S,BATS,16802
2021/06/09,GME,GME,S,C2,5264
2021/06/09,GME,GME,S,CBOE,26399
2021/06/09,GME,GME,S,EDGX,9035
2021/06/10,GME,GME,S,BATS,43180
2021/06/10,GME,GME,S,C2,9246
2021/06/10,GME,GME,S,CBOE,44176
2021/06/10,GME,GME,S,EDGX,16034
2021/06/11,GME,GME,S,BATS,34958
2021/06/11,GME,GME,S,C2,8398
2021/06/11,GME,GME,S,CBOE,34266
2021/06/11,GME,GME,S,EDGX,12455
2021/06/14,GME,GME,S,BATS,11415
2021/06/14,GME,GME,S,C2,3111
2021/06/14,GME,GME,S,CBOE,10448
2021/06/14,GME,GME,S,EDGX,3879
2021/06/15,GME,GME,S,BATS,10434
2021/06/15,GME,GME,S,C2,2461
2021/06/15,GME,GME,S,CBOE,13373
2021/06/15,GME,GME,S,EDGX,5555
2021/06/16,GME,GME,S,BATS,15192
2021/06/16,GME,GME,S,C2,5572
2021/06/16,GME,GME,S,CBOE,34497
2021/06/16,GME,GME,S,EDGX,15354
2021/06/17,GME,GME,S,BATS,12749
2021/06/17,GME,GME,S,C2,3249
2021/06/17,GME,GME,S,CBOE,16682
2021/06/17,GME,GME,S,EDGX,12254
2021/06/18,GME,GME,S,BATS,13201
2021/06/18,GME,GME,S,C2,3154
2021/06/18,GME,GME,S,CBOE,15702
2021/06/18,GME,GME,S,EDGX,4776
2021/06/21,GME,GME,S,BATS,12079
2021/06/21,GME,GME,S,C2,2741
2021/06/21,GME,GME,S,CBOE,17452
2021/06/21,GME,GME,S,EDGX,4083
2021/06/22,GME,GME,S,BATS,11719
2021/06/22,GME,GME,S,C2,2729
2021/06/22,GME,GME,S,CBOE,17443
2021/06/22,GME,GME,S,EDGX,3676
2021/06/23,GME,GME,S,BATS,11434
2021/06/23,GME,GME,S,C2,1981
2021/06/23,GME,GME,S,CBOE,16665
2021/06/23,GME,GME,S,EDGX,10465
2021/06/24,GME,GME,S,BATS,20987
2021/06/24,GME,GME,S,C2,3012
2021/06/24,GME,GME,S,CBOE,16404
2021/06/24,GME,GME,S,EDGX,4598
2021/06/25,GME,GME,S,BATS,28372
2021/06/25,GME,GME,S,C2,3863
2021/06/25,GME,GME,S,CBOE,30107
2021/06/25,GME,GME,S,EDGX,7122
2021/06/28,GME,GME,S,BATS,12255
2021/06/28,GME,GME,S,C2,2125
2021/06/28,GME,GME,S,CBOE,15404
2021/06/28,GME,GME,S,EDGX,4672
2021/06/29,GME,GME,S,BATS,7776
2021/06/29,GME,GME,S,C2,1147
2021/06/29,GME,GME,S,CBOE,9142
2021/06/29,GME,GME,S,EDGX,3362
2021/06/30,GME,GME,S,BATS,8148
2021/06/30,GME,GME,S,C2,1413
2021/06/30,GME,GME,S,CBOE,12069
2021/06/30,GME,GME,S,EDGX,2501
2021/07/01,GME,GME,S,BATS,14223
2021/07/01,GME,GME,S,C2,2292
2021/07/01,GME,GME,S,CBOE,12062
2021/07/01,GME,GME,S,EDGX,3704
2021/07/02,GME,GME,S,BATS,10598
2021/07/02,GME,GME,S,C2,2806
2021/07/02,GME,GME,S,CBOE,18347
2021/07/02,GME,GME,S,EDGX,3970
2021/07/06,GME,GME,S,BATS,6743
2021/07/06,GME,GME,S,C2,1521
2021/07/06,GME,GME,S,CBOE,11673
2021/07/06,GME,GME,S,EDGX,1943
2021/07/07,GME,GME,S,BATS,9477
2021/07/07,GME,GME,S,C2,3274
2021/07/07,GME,GME,S,CBOE,12234
2021/07/07,GME,GME,S,EDGX,3210
2021/07/08,GME,GME,S,BATS,6805
2021/07/08,GME,GME,S,C2,1273
2021/07/08,GME,GME,S,CBOE,10053
2021/07/08,GME,GME,S,EDGX,2700
2021/07/09,GME,GME,S,BATS,7915
2021/07/09,GME,GME,S,C2,1814
2021/07/09,GME,GME,S,CBOE,11087
2021/07/09,GME,GME,S,EDGX,3501
2021/07/12,GME,GME,S,BATS,6489
2021/07/12,GME,GME,S,C2,1956
2021/07/12,GME,GME,S,CBOE,11016
2021/07/12,GME,GME,S,EDGX,2187
2021/07/13,GME,GME,S,BATS,6528
2021/07/13,GME,GME,S,C2,2348
2021/07/13,GME,GME,S,CBOE,10792
2021/07/13,GME,GME,S,EDGX,2127
2021/07/14,GME,GME,S,BATS,12120
2021/07/14,GME,GME,S,C2,3629
2021/07/14,GME,GME,S,CBOE,14994
2021/07/14,GME,GME,S,EDGX,3546
2021/07/15,GME,GME,S,BATS,10555
2021/07/15,GME,GME,S,C2,4635
2021/07/15,GME,GME,S,CBOE,16692
2021/07/15,GME,GME,S,EDGX,3773
2021/07/16,GME,GME,S,BATS,11030
2021/07/16,GME,GME,S,C2,3664
2021/07/16,GME,GME,S,CBOE,20264
2021/07/16,GME,GME,S,EDGX,4644
2021/07/19,GME,GME,S,BATS,6207
2021/07/19,GME,GME,S,C2,2186
2021/07/19,GME,GME,S,CBOE,11533
2021/07/19,GME,GME,S,EDGX,2196
2021/07/20,GME,GME,S,BATS,8196
2021/07/20,GME,GME,S,C2,3504
2021/07/20,GME,GME,S,CBOE,11759
2021/07/20,GME,GME,S,EDGX,3077
2021/07/21,GME,GME,S,BATS,4891
2021/07/21,GME,GME,S,C2,2368
2021/07/21,GME,GME,S,CBOE,8801
2021/07/21,GME,GME,S,EDGX,1950
2021/07/22,GME,GME,S,BATS,6259
2021/07/22,GME,GME,S,C2,1981
2021/07/22,GME,GME,S,CBOE,6537
2021/07/22,GME,GME,S,EDGX,2268
2021/07/23,GME,GME,S,BATS,6842
2021/07/23,GME,GME,S,C2,2020
2021/07/23,GME,GME,S,CBOE,9340
2021/07/23,GME,GME,S,EDGX,3024
2021/07/26,GME,GME,S,BATS,5058
2021/07/26,GME,GME,S,C2,1359
2021/07/26,GME,GME,S,CBOE,5557
2021/07/26,GME,GME,S,EDGX,2753
2021/07/27,GME,GME,S,BATS,3385
2021/07/27,GME,GME,S,C2,1009
2021/07/27,GME,GME,S,CBOE,4376
2021/07/27,GME,GME,S,EDGX,942
2021/07/28,GME,GME,S,BATS,9100
2021/07/28,GME,GME,S,C2,3468
2021/07/28,GME,GME,S,CBOE,10207
2021/07/28,GME,GME,S,EDGX,2079
2021/07/29,GME,GME,S,BATS,6446
2021/07/29,GME,GME,S,C2,1979
2021/07/29,GME,GME,S,CBOE,6775
2021/07/29,GME,GME,S,EDGX,1904
2021/07/30,GME,GME,S,BATS,7054
2021/07/30,GME,GME,S,C2,1800
2021/07/30,GME,GME,S,CBOE,10798
2021/07/30,GME,GME,S,EDGX,5083
2021/08/02,GME,GME,S,BATS,6600
2021/08/02,GME,GME,S,C2,1782
2021/08/02,GME,GME,S,CBOE,8173
2021/08/02,GME,GME,S,EDGX,2206
2021/08/03,GME,GME,S,BATS,8151
2021/08/03,GME,GME,S,C2,2555
2021/08/03,GME,GME,S,CBOE,8013
2021/08/03,GME,GME,S,EDGX,2057
2021/08/04,GME,GME,S,BATS,6459
2021/08/04,GME,GME,S,C2,1813
2021/08/04,GME,GME,S,CBOE,5974
2021/08/04,GME,GME,S,EDGX,2221
2021/08/05,GME,GME,S,BATS,6430
2021/08/05,GME,GME,S,C2,1762
2021/08/05,GME,GME,S,CBOE,8586
2021/08/05,GME,GME,S,EDGX,2367
2021/08/06,GME,GME,S,BATS,3889
2021/08/06,GME,GME,S,C2,1613
2021/08/06,GME,GME,S,CBOE,7208
2021/08/06,GME,GME,S,EDGX,2355
2021/08/09,GME,GME,S,BATS,7674
2021/08/09,GME,GME,S,C2,2205
2021/08/09,GME,GME,S,CBOE,8275
2021/08/09,GME,GME,S,EDGX,2737
2021/08/10,GME,GME,S,BATS,4600
2021/08/10,GME,GME,S,C2,1467
2021/08/10,GME,GME,S,CBOE,6373
2021/08/10,GME,GME,S,EDGX,2450
2021/08/11,GME,GME,S,BATS,3249
2021/08/11,GME,GME,S,C2,759
2021/08/11,GME,GME,S,CBOE,4287
2021/08/11,GME,GME,S,EDGX,1549
2021/08/12,GME,GME,S,BATS,6212
2021/08/12,GME,GME,S,C2,1288
2021/08/12,GME,GME,S,CBOE,5186
2021/08/12,GME,GME,S,EDGX,1686
2021/08/13,GME,GME,S,BATS,8327
2021/08/13,GME,GME,S,C2,2095
2021/08/13,GME,GME,S,CBOE,7617
2021/08/13,GME,GME,S,EDGX,2852
2021/08/16,GME,GME,S,BATS,7275
2021/08/16,GME,GME,S,C2,1940
2021/08/16,GME,GME,S,CBOE,7551
2021/08/16,GME,GME,S,EDGX,1911
2021/08/17,GME,GME,S,BATS,4645
2021/08/17,GME,GME,S,C2,1211
2021/08/17,GME,GME,S,CBOE,4734
2021/08/17,GME,GME,S,EDGX,1935
2021/08/18,GME,GME,S,BATS,4056
2021/08/18,GME,GME,S,C2,722
2021/08/18,GME,GME,S,CBOE,3632
2021/08/18,GME,GME,S,EDGX,1971
2021/08/19,GME,GME,S,BATS,4812
2021/08/19,GME,GME,S,C2,3207
2021/08/19,GME,GME,S,CBOE,5265
2021/08/19,GME,GME,S,EDGX,2398
2021/08/20,GME,GME,S,BATS,5933
2021/08/20,GME,GME,S,C2,1660
2021/08/20,GME,GME,S,CBOE,6823
2021/08/20,GME,GME,S,EDGX,3621
2021/08/23,GME,GME,S,BATS,5872
2021/08/23,GME,GME,S,C2,1647
2021/08/23,GME,GME,S,CBOE,6526
2021/08/23,GME,GME,S,EDGX,2318
2021/08/24,GME,GME,S,BATS,50139
2021/08/24,GME,GME,S,C2,15949
2021/08/24,GME,GME,S,CBOE,32833
2021/08/24,GME,GME,S,EDGX,13381
2021/08/25,GME,GME,S,BATS,26385
2021/08/25,GME,GME,S,C2,7075
2021/08/25,GME,GME,S,CBOE,25079
2021/08/25,GME,GME,S,EDGX,10060
2021/08/26,GME,GME,S,BATS,20945
2021/08/26,GME,GME,S,C2,5057
2021/08/26,GME,GME,S,CBOE,23344
2021/08/26,GME,GME,S,EDGX,7724
2021/08/27,GME,GME,S,BATS,19327
2021/08/27,GME,GME,S,C2,3082
2021/08/27,GME,GME,S,CBOE,12981
2021/08/27,GME,GME,S,EDGX,7453
2021/08/30,GME,GME,S,BATS,12346
2021/08/30,GME,GME,S,C2,1876
2021/08/30,GME,GME,S,CBOE,11108
2021/08/30,GME,GME,S,EDGX,5046
2021/08/31,GME,GME,S,BATS,10981
2021/08/31,GME,GME,S,C2,2078
2021/08/31,GME,GME,S,CBOE,9951
2021/08/31,GME,GME,S,EDGX,5319
2021/09/01,GME,GME,S,BATS,12059
2021/09/01,GME,GME,S,C2,2699
2021/09/01,GME,GME,S,CBOE,11445
2021/09/01,GME,GME,S,EDGX,3594
2021/09/02,GME,GME,S,BATS,7602
2021/09/02,GME,GME,S,C2,1215
2021/09/02,GME,GME,S,CBOE,9281
2021/09/02,GME,GME,S,EDGX,3553
2021/09/03,GME,GME,S,BATS,18101
2021/09/03,GME,GME,S,C2,3315
2021/09/03,GME,GME,S,CBOE,17529
2021/09/03,GME,GME,S,EDGX,5448
2021/09/07,GME,GME,S,BATS,7316
2021/09/07,GME,GME,S,C2,2099
2021/09/07,GME,GME,S,CBOE,9166
2021/09/07,GME,GME,S,EDGX,2877
2021/09/08,GME,GME,S,BATS,15847
2021/09/08,GME,GME,S,C2,4448
2021/09/08,GME,GME,S,CBOE,15485
2021/09/08,GME,GME,S,EDGX,5587
2021/09/09,GME,GME,S,BATS,29136
2021/09/09,GME,GME,S,C2,7271
2021/09/09,GME,GME,S,CBOE,27106
2021/09/09,GME,GME,S,EDGX,10548
2021/09/10,GME,GME,S,BATS,15957
2021/09/10,GME,GME,S,C2,2756
2021/09/10,GME,GME,S,CBOE,14236
2021/09/10,GME,GME,S,EDGX,5679
2021/09/13,GME,GME,S,BATS,15207
2021/09/13,GME,GME,S,C2,3933
2021/09/13,GME,GME,S,CBOE,14273
2021/09/13,GME,GME,S,EDGX,4236
2021/09/14,GME,GME,S,BATS,7524
2021/09/14,GME,GME,S,C2,2368
2021/09/14,GME,GME,S,CBOE,7064
2021/09/14,GME,GME,S,EDGX,2277
2021/09/15,GME,GME,S,BATS,7519
2021/09/15,GME,GME,S,C2,2386
2021/09/15,GME,GME,S,CBOE,7070
2021/09/15,GME,GME,S,EDGX,1951
2021/09/16,GME,GME,S,BATS,12622
2021/09/16,GME,GME,S,C2,3961
2021/09/16,GME,GME,S,CBOE,13404
2021/09/16,GME,GME,S,EDGX,3864
2021/09/17,GME,GME,S,BATS,11038
2021/09/17,GME,GME,S,C2,2634
2021/09/17,GME,GME,S,CBOE,12962
2021/09/17,GME,GME,S,EDGX,4160
2021/09/20,GME,GME,S,BATS,10256
2021/09/20,GME,GME,S,C2,3277
2021/09/20,GME,GME,S,CBOE,10118
2021/09/20,GME,GME,S,EDGX,3164
2021/09/21,GME,GME,S,BATS,5952
2021/09/21,GME,GME,S,C2,1498
2021/09/21,GME,GME,S,CBOE,5748
2021/09/21,GME,GME,S,EDGX,2191
2021/09/22,GME,GME,S,BATS,4386
2021/09/22,GME,GME,S,C2,1130
2021/09/22,GME,GME,S,CBOE,4184
2021/09/22,GME,GME,S,EDGX,1589
2021/09/23,GME,GME,S,BATS,5115
2021/09/23,GME,GME,S,C2,1658
2021/09/23,GME,GME,S,CBOE,5934
2021/09/23,GME,GME,S,EDGX,1873
2021/09/24,GME,GME,S,BATS,5403
2021/09/24,GME,GME,S,C2,1361
2021/09/24,GME,GME,S,CBOE,8076
2021/09/24,GME,GME,S,EDGX,3044
2021/09/27,GME,GME,S,BATS,5813
2021/09/27,GME,GME,S,C2,1137
2021/09/27,GME,GME,S,CBOE,5341
2021/09/27,GME,GME,S,EDGX,2802
2021/09/28,GME,GME,S,BATS,6656
2021/09/28,GME,GME,S,C2,1319
2021/09/28,GME,GME,S,CBOE,4825
2021/09/28,GME,GME,S,EDGX,1999
2021/09/29,GME,GME,S,BATS,5631
2021/09/29,GME,GME,S,C2,1254
2021/09/29,GME,GME,S,CBOE,4696
2021/09/29,GME,GME,S,EDGX,1642
2021/09/30,GME,GME,S,BATS,13248
2021/09/30,GME,GME,S,C2,7089
2021/09/30,GME,GME,S,CBOE,12048
2021/09/30,GME,GME,S,EDGX,4299
2021/10/01,GME,GME,S,BATS,7682
2021/10/01,GME,GME,S,C2,2334
2021/10/01,GME,GME,S,CBOE,12490
2021/10/01,GME,GME,S,EDGX,3235
